实拍西上海名邸大两房，满五年唯一，对口同济名校，看房方便急售,230万,26136元/m²,2室2厅,88m²,中层(共12层),王洋,安亭名邸       嘉定-安亭-南安路88弄,近地铁,新房房源,配套成熟
上师大附小，二次装修带空调，满两年，目前自住，接受置换,355万,41193元/m²,2室1厅,86m²,高层(共14层),方笑银,祥源福邸       嘉定-南翔-金通路1788弄,主卧朝南,客厅朝南,小户型
业主为了卖房专门空置了房子，非常诚意出售，房能看中价格都好谈,315万,40877元/m²,2室1厅,77m²,中层(共15层),黄虎,绿地新江桥城(南区)       嘉定-江桥-金耀南路80弄,近地铁,次新小区,素质住户
菊园新区实验校区房 交通便利生活配套完善 看房方便价格可谈,245万,26683元/m²,3室2厅,91m²,低层(共15层),付小平,旭辉锦庭(东区)       嘉定-菊园新区-双坪路200弄,素质住户,安全性高,品质小区
民东公寓地铁站旁三房两厅两卫南翔官邸，低于市场价南北通透,380万,32495元/m²,3室2厅,116m²,高层(共6层),孙磊,"民东公寓       嘉定-南翔-民主东街151弄,民主东街27弄,民主东街62弄,古猗园路350弄,民主东街87弄,民主东街16弄",近地铁,交通便利,繁华地段
"地铁11号线，租金3000，周边配套齐全,首付可全贷款 急售",110万,19643元/m²,2室2厅,56m²,高层(共17层),李野,中茂世纪       嘉定-嘉定北-汇源路218弄
小区门口位置地铁600米前排可观公园只要一套精装修,228万,44855元/m²,1室2厅,50m²,中层(共13层),王玉涛,水岸金桥苑       嘉定-江桥-鹤霞路555弄,近地铁,繁华地段,品质小区
金典三房，近万达广场商业圈，华泰商业中心，绿地商业街房东急售,340万,37203元/m²,3室1厅,91m²,高层(共15层),黄虎,绿地新江桥城(南区)       嘉定-江桥-金耀南路80弄,近地铁,素质住户,安全性高
太屋臻选！地铁口三房，附送9平方产权清晰，满5唯1个税0!急,388万,43748元/m²,3室2厅,88m²,低层(共18层),谭书均,格林公馆       嘉定-南翔新城-芳林路951弄,近地铁,配套成熟,繁华地段
直降50万~森林公馆满五年两房~业主诚意出售~赠送产权车位,305万,34718元/m²,2室2厅,87m²,中层(共21层),顾德振,森林公馆(西区)       嘉定-南翔新城-栖林路425弄,近地铁,配套成熟,品质小区
通煤气~11号线地铁口精装复式！层高5米买壹送壹！使用面积大,120万,21818元/m²,2室2厅,55m²,中层(共12层),王洋,晶鼎大厦       嘉定-嘉定新城-白银路399号,新房房源,近地铁,配套成熟
总价500万精装三房，南北通户型，高区景光楼层，视野佳,500万,41377元/m²,3室2厅,120m²,高层(共18层),张雨,同济融景雅苑       嘉定-南翔-金通路1968弄,近地铁,新房房源,配套成熟
高区沿河景观房，眺望江桥，南北通透两房，电梯房高区，看房来电,269万,34827元/m²,2室2厅,77m²,高层(共18层),周士琦,金沙鼎苑       嘉定-江桥-金耀路555弄,环境优美,次新小区,安全性高
看房随时 新上房源 真实在售 多层中层 满五唯一 无税,205万,43423元/m²,1室1厅,47m²,中层(共6层),杨超凡,"丰庄十二街坊       嘉定-丰庄-丰庄北路166弄,丰庄西路558弄,丰庄北路82弄",近地铁,配套成熟,品质小区
紧靠13号线丰庄站 全明一房 生活配套齐全 看房有钥匙,205万,43423元/m²,1室1厅,47m²,中层(共6层),薛小龙,"丰庄十二街坊       嘉定-丰庄-丰庄北路166弄,丰庄西路558弄,丰庄北路82弄",近地铁,配套成熟,繁华地段
菊园新区实验学 精装南北三房送40平大花园 看房随时方便,250万,27233元/m²,3室2厅,91m²,低层(共15层),张志鹏,旭辉锦庭(东区)       嘉定-菊园新区-双坪路200弄,新房房源,南北通透,次新小区
双南大两房 南北通透 室内干净敞亮 买到赚到,435万,43948元/m²,2室2厅,98m²,共5层,周炜,嘉泰花园公寓       嘉定-丰庄-梅川路1725弄1-52号,近地铁
地铁10番钟，旭辉U天地，精装复式LOFT，送家具家电拎包入,120万,24737元/m²,2室2厅,48m²,低层(共12层),石晨,旭辉U天地       嘉定-南翔新城-宝翔路158弄,近地铁,主卧朝南,配套成熟
投 兹自住醉佳产品丨面积小 总价低 稳增长丨不限购 精装修,95万,16964元/m²,2室1厅,56m²,中层(共22层),江燕,"泰东公寓       嘉定-方泰-东环路279弄,东环路129弄",新房房源,客厅朝南,素质住户
小区，一梯两户，南北通东边套户型，豪华装修，地铁口好房,225万,42080元/m²,1室1厅,53m²,高层(共6层),洪广柱,"真新新村嘉德坊       嘉定-丰庄-铜川路2225弄,万镇路1177弄",小户型,一梯两户,小区中心
小区中间位置 双南两房 带空调 房东自己住 随时看房价可谈,210万,24697元/m²,2室2厅,85m²,中层(共16层),王东梅,天居玲珑湾(公寓)       嘉定-嘉定北-汇旺东路1188弄,新房房源
实图拍摄，有需要南北通透户型的可以来看看，性价比很高。,300万,33333元/m²,2室2厅,90m²,中层(共6层),王世界,"江桥三村四街坊       嘉定-江桥-靖远路510弄,临潭路518弄",交通便利,繁华地段,品质小区
二期大两房 送30万北欧家具 小区中心位置 满两年保养如新,398万,46544元/m²,2室2厅,85m²,高层(共18层),谭书均,华润中央公园(二期)       嘉定-南翔新城-陈翔公路1588弄,配套成熟,繁华地段,品质小区
独栋前后大花园 带地下室多车位 城市 居住成功人士梦想所在地,1182万,37170元/m²,6室4厅,318m²,共3层,唐宗楠,皇府别墅       嘉定-江桥-曹安公路2795号,新房房源,南北通透,远离马路
"天居玲珑湾,楼层位置好南北通透,采光好,视野好",225万,24750元/m²,2室2厅,90m²,高层(共16层),张志鹏,天居玲珑湾(公寓)       嘉定-嘉定北-汇旺东路1188弄,新房房源,南北通透,近地铁
直达市区 11号线地铁口 国企品质大开发商 特对外卖,335万,34138元/m²,3室2厅,98m²,高层(共11层),张志鹏,嘉宝梦之湾(公寓)       嘉定-菊园新区-平城路2055弄,近地铁,新房房源,南北通透
格林公馆边套小三房，有个小房间不计面积，精装送家具，到价签字,398万,43540元/m²,3室2厅,91m²,中层(共18层),孙磊,格林公馆       嘉定-南翔新城-芳林路951弄,近地铁
14号线地铁口500米，次新小区，电梯房中间楼层，看房有钥匙,266万,32439元/m²,2室2厅,82m²,中层(共18层),唐宗楠,天禧嘉苑(北区)       嘉定-江桥-嘉峪关路600弄
"精装修，大两房，单价低，房东置换，面税房源,随时可以看急售",268万,29130元/m²,2室2厅,92m²,中层(共15层),唐宗楠,爱德佳苑(一期)       嘉定-江桥-爱特路185弄,近地铁,近学校
澜茵华庭电梯5楼，大两房南北通，13号金运路地铁口，靠万达,255万,31875元/m²,2室2厅,80m²,中层(共13层),唐宗楠,澜茵华庭(西区)       嘉定-江桥-金园一路1518弄,近地铁,交通便利,繁华地段
对口南翔小学，南北通透户型方正，得房率高先到先得诚意卖,235万,32639元/m²,2室1厅,72m²,低层(共6层),孙磊,德华一村       嘉定-南翔-德华路316弄,近地铁,近学校
对口卢湾实验小学！动迁无税，房东置换急售！景观楼层随时看房！,295万,33511元/m²,2室2厅,88m²,中层(共18层),唐宗楠,中星海上名豪苑水岸丽苑       嘉定-江桥-海波路1000弄,近地铁,安全性高,低密度
紧邻地铁口，近万达广场，商圈成熟，交通便利，小区中心位置,285万,35426元/m²,2室2厅,80m²,高层(共6层),袁南贵,澜茵华庭(东区)       嘉定-江桥-金园一路1519弄1-123号,近地铁
远香舫 临街远香湖 精装南北通大三房 新城核心位置 一手动迁,300万,31847元/m²,3室2厅,94m²,高层(共18层),赵铭坤,远香舫嘉苑       嘉定-嘉定新城-城固路55弄,配套成熟,交通便利,品质小区
卢尔公寓 近11号地铁满五年 送车位 位置好 采光好 景观房,540万,42871元/m²,3室2厅,125m²,高层(共18层),孙磊,卢尔公寓       嘉定-南翔新城-芳林路333弄,新房房源,近地铁,环境优美
14号线300米，精装修大一房，可改两房,175万,34510元/m²,1室1厅,50m²,中层(共6层),钟丽,江桥二村三街坊       嘉定-江桥-曲江路99弄1-68号,近地铁,配套成熟,繁华地段
南翔湖畔天下4.2万性价比之高  超长付钱周期 置换着福音,450万,38136元/m²,3室2厅,118m²,低层(共21层),李金,"湖畔天下(公寓)       嘉定-南翔新城-瑞林路800弄,瑞林路1280弄"
精装修小三房，带车位，业主自住,400万,44823元/m²,3室2厅,89m²,中层(共18层),方笑银,中建溪岸澜庭       嘉定-南翔-德园路1259弄
挑高4.5米 11号线600米 复式精装修 无税 看房随时,85万,19318元/m²,2室2厅,44m²,高层(共11层),王康,魔方社区       嘉定-嘉定老城-民悦街11弄,近地铁,新房房源,繁华地段
得房率高，实景拍摄，前后无遮挡，南北通透，带20平花园,360万,40377元/m²,3室2厅,89m²,低层(共18层),方笑银,中建溪岸澜庭       嘉定-南翔-德园路1259弄
水岸丽苑 货币动迁房 上卢湾中心小学 近地铁,358万,39207元/m²,2室2厅,91m²,高层(共11层),邱宁,中星海上名豪苑水岸丽苑       嘉定-江桥-海波路1000弄,采光好,近地铁,配套成熟
新出笋盘，高区，豪华装修30万，房型稍有改动，由此变成全明。,281万,36974元/m²,2室2厅,76m²,高层(共15层),唐宗楠,绿地新江桥城(南区)       嘉定-江桥-金耀南路80弄,近地铁
满五年唯一2013年次新房 品质小区 电梯高层  采光充足,281万,35796元/m²,2室2厅,78m²,高层(共14层),唐宗楠,汇丰沁苑(北区)       嘉定-江桥-临夏路800弄,新房房源,南北通透,位置安静
满五少税 上海70年产权 周边配套成熟 可落户上学 房东急售,90万,18000元/m²,1室1厅,50m²,中层(共9层),刘安猛,嘉定河东小区       嘉定-封浜-吴杨路100弄,新房房源,近地铁,繁华地段
丰庄一村三楼豪装两房，附带租赁固定停车位两个,285万,42512元/m²,2室1厅,67m²,低层(共6层),陈娟娟,丰庄一村       嘉定-丰庄-丰庄路450弄,近地铁,配套成熟,繁华地段
此房装修好以后房东自己住 现在需要资 金特对外出售 通天然气,82万,19524元/m²,2室2厅,42m²,高层(共17层),王康,红土天阶       嘉定-嘉定老城-叶城路1500弄,新房房源,配套成熟,次新小区
富友嘉园南北两房，地铁口500米，动迁无税，低于市场价出售,228万,31667元/m²,2室2厅,72m²,中层(共6层),唐宗楠,富友嘉园(南区)       嘉定-江桥-临夏路999弄
业主婚房......精装loft 挑高4.5米 可网签,59万,14750元/m²,2室2厅,40m²,高层(共17层),王康,中茂世纪       嘉定-嘉定北-汇源路218弄,新房房源,配套成熟,环境优美
免增税！只有契税！南北通透！钥匙房看房方便！避开飞机航道,288万,33914元/m²,2室2厅,84m²,低层(共18层),唐宗楠,盐湖新居       嘉定-江桥-曹安公路2831弄,近学校,新房房源,近地铁
小区中心位置，独栋两梯四户，中间楼层，全南精装，看房方便随时,278万,36184元/m²,2室2厅,76m²,高层(共15层),袁南贵,绿地新江桥城(西区)       嘉定-江桥-金耀南路299弄,近地铁,配套成熟,品质小区
全新小区，小区自带游乐园，环境优美，沿河景观采光无遮挡,195万,34587元/m²,1室1厅,56m²,低层(共18层),占古轩,金沙鼎苑       嘉定-江桥-金耀路555弄,环境优美,素质住户,安全性高
笋盘推出 嘉定西地铁站精装修小三房 小区前排视野好 看房方便,275万,30761元/m²,3室2厅,89m²,中层(共18层),冯少安,合景叠翠峰二期(馨园)       嘉定-菊园新区-秋竹路655弄,近地铁,南北通透,厅带阳台
嘉定北精装复试两房，不限购不限贷可贷款 业主急售看房方便可谈,80万,18605元/m²,2室2厅,43m²,低层(共17层),肖增文,中茂世纪       嘉定-嘉定北-汇源路218弄,近地铁,配套成熟,繁华地段
嘉定罗宾森旁 电梯房 对口城中路小学 置换急卖 看房有钥匙！,149万,28113元/m²,2室,53m²,高层(共16层),孙玉兰,高层小区       嘉定-嘉定老城-清河路100弄,近地铁,繁华地段,品质小区
同济附小0距离，距11号线地铁站5分仲，随时看房，欢迎来电,280万,31461元/m²,2室2厅,89m²,中层(共12层),李爱华,安亭新镇雅苑       嘉定-安亭-安礼路258弄,南北通透,配套成熟,品质小区
置业优选，地铁口品质三居室，小区楼 王位置业主急卖直降30万,468万,46447元/m²,3室2厅,100m²,中层(共18层),孙磊,绿地清猗园(三期)       嘉定-南翔-德华路79弄,近地铁
婚房装修，精装全送，楼层好，小区绿化优美，房东急售，看中客谈,238万,42976元/m²,1室2厅,55m²,中层(共15层),占古轩,绿地新江桥城(南区)       嘉定-江桥-金耀南路80弄,近地铁,主卧朝南,带飘窗
菊园板块 对口实验小学 中间楼层 精装大两房 看房方便！,173万,25809元/m²,2室1厅,67m²,低层(共6层),孙玉兰,嘉富小区       嘉定-菊园新区-棋盘路1001弄,近学校,近地铁,配套成熟
水岸丽苑 出门就是卢湾小学 旁边龙湖小区  地段好 近地铁,253万,39537元/m²,1室2厅,63m²,高层(共18层),邱宁,中星海上名豪苑水岸丽苑       嘉定-江桥-海波路1000弄,视野好,配套成熟,繁华地段
双南两房 满五唯一  多层三楼 小区中心位置 随时可看 真实,228万,43019元/m²,2室,53m²,中层(共6层),杨超凡,"丰庄十二街坊       嘉定-丰庄-丰庄北路166弄,丰庄西路558弄,丰庄北路82弄",近地铁,配套成熟,品质小区
占据价格优势，高区景观房，可观东方明珠，看中价格可谈，有钥匙,205万,36360元/m²,1室2厅,56m²,高层(共18层),卢董事,金沙鼎苑       嘉定-江桥-金耀路555弄,新房房源,厅带阳台,视野好
近铁嘉定西站 汇城公寓 稀 缺小户型 满五年 置换诚心出售,129万,26565元/m²,1室1厅,48m²,低层(共6层),孙玉兰,汇城公寓       嘉定-嘉定老城-嘉丰路12-66号,近地铁,配套成熟,繁华地段
一手免俑，精装湖景住宅，地铁旁，南北通透，首付灵活，品质小区,470万,39167元/m²,3室2厅,120m²,中层(共22层),林爱山,"湖畔天下(公寓)       嘉定-南翔新城-瑞林路800弄,瑞林路1280弄"
11号线地铁~精装修~5米挑高复式2房~首付25万~租金4K,84万,17872元/m²,1室1厅,47m²,中层(共12层),王洋,"泰东公寓       嘉定-方泰-东环路279弄,东环路129弄",新房房源,近地铁,配套成熟
出门地铁口，全南户型，精装修二房，满五年唯一，有钥匙随时看房,324万,44377元/m²,2室2厅,73m²,低层(共7层),朱文娟,金沙缘圆宝邸       嘉定-江桥-金园一路1359弄1-69号,近地铁,房型正,拎包入住
开发商内部一手特价房，首付周期长，无税无其他费用，加送车位,463万,39237元/m²,3室2厅,118m²,中层(共20层),袁坤,"湖畔天下(公寓)       嘉定-南翔新城-瑞林路800弄,瑞林路1280弄"
真实在售，独！家钥匙房！近地铁！小区中心位置！景观楼层！,286万,39525元/m²,2室2厅,72m²,高层(共6层),谢俊奎,金鹤新城城杰苑       嘉定-江桥-鹤霞路600弄,近地铁,繁华地段,品质小区
11号嘉西站，天居玲珑湾，全南户型，精装修，满两年，置换急卖,180万,27318元/m²,2室1厅,65m²,中层(共16层),孙玉兰,天居玲珑湾(公寓)       嘉定-嘉定北-汇旺东路1188弄,全南户型,繁华地段,品质小区
城杰苑，小区中心位置，南北通二房，一手动迁满五年唯一，无税！,291万,40216元/m²,2室2厅,72m²,中层(共6层),朱文娟,金鹤新城城杰苑       嘉定-江桥-鹤霞路600弄,近地铁,南北通透,拎包入住
228万1房精装修，随时方便看房，图片真实，带花园25平方！,228万,44032元/m²,1室1厅,51m²,低层(共6层),王莉萍,金鹤新城金霞苑       嘉定-江桥-鹤霞路111弄,近地铁,一梯两户,小区中心
团购优惠丨骏峰玲珑坊丨复式两房丨不限购丨马陆地铁口丨配套完善,119万,34000元/m²,1室1厅,35m²,中层(共6层),周世敏,骏丰玲珑坊西苑       嘉定-嘉定新城-康年路209弄,房型正,拎包入住,配套成熟
德富路中小学旁品质小区顶楼复式精装带中央空调有钥匙,750万,34688元/m²,4室2厅,216m²,高层(共15层),张仁杰,"保利星海屿筑(北区)       嘉定-嘉定新城-高台路560弄,洪德路683弄1-21号",复式房,繁华地段,品质小区
11号线地铁站旁 精装修南北通三房 70年产权住宅，急售,340万,34000元/m²,3室2厅,100m²,中层(共12层),王洋,翔和雅苑(一区)       嘉定-南翔-德园路1437弄,新房房源,近地铁,配套成熟
小区花园位置，靠河景观，得房率高，绿化好，价格房，看房有钥匙,208万,40921元/m²,1室1厅,50m²,中层(共13层),沈祖训,水岸金桥苑       嘉定-江桥-鹤霞路555弄,景观房,近地铁,配套成熟
地铁13号金运路站，精装修一房，已改小两房，精装修20全送。,240万,42127元/m²,1室1厅,56m²,低层(共13层),金威威,水岸金桥苑       嘉定-江桥-鹤霞路555弄,中国风,近地铁,品质小区
精装公寓不限购，双轨交江桥地铁口，出租市场租金高达6K！,55万,13750元/m²,2室2厅,40m²,中层(共11层),郭雨,"永和生活广场       嘉定-江桥-靖远路715号,靖远路717号",新房房源,近地铁,配套成熟
嘉和坊 三楼一房 全明户型 小区中间位置 出门地铁14号线,192万,40851元/m²,1室1厅,47m²,中层(共6层),李刘强,真新新村嘉和坊       嘉定-丰庄-铜川路2395弄
上师大附小，满两年，毛坯，没有住过人，接受置换，看房随时,380万,42415元/m²,2室2厅,89m²,高层(共14层),方笑银,同济融景雅苑       嘉定-南翔-金通路1968弄,近地铁,主卧朝南,客厅朝南
嘉定地铁400米，层高5.5米通天燃气，无需社保租6500,110万,20000元/m²,2室2厅,55m²,中层(共18层),张东亮,晶鼎大厦       嘉定-嘉定新城-白银路399号,交通便利,繁华地段,品质小区
xi缺户型 采光无敌 好户型 好楼层 为了还外债 急卖 可谈,192万,41122元/m²,1室1厅,46m²,低层(共6层),王艳丽,丰庄二村       嘉定-丰庄-丰庄二村1-79号,新房房源,主卧朝南,小户型
不限购，11号线地铁200米，送18平，120万3房精装现房,120万,15385元/m²,3室2厅,78m²,低层(共21层),肖增文,创业家园       嘉定-江桥-张掖路355号,近地铁,配套成熟,繁华地段
中建溪岸澜庭急南北通三房业主诚意诚满二税少税毗邻,380万,42668元/m²,3室2厅,89m²,低层(共18层),肖六云,中建溪岸澜庭       嘉定-南翔-德园路1259弄,南北通透,交通便利,繁华地段
双南两房 满五唯一  多层三楼 小区中心位置 随时可看 真实,228万,43019元/m²,2室,53m²,中层(共6层),杨超凡,"丰庄十二街坊       嘉定-丰庄-丰庄北路166弄,丰庄西路558弄,丰庄北路82弄",近地铁,配套成熟,品质小区
金地格林公馆，稀有户型，满5唯一精装修大三房，南向别墅景观,540万,42399元/m²,3室2厅,127m²,低层(共17层),孙磊,格林公馆       嘉定-南翔新城-芳林路951弄,近地铁
丰庄十二街坊 地铁口精装两房 双南二房 免个税小区 中心位置,258万,41613元/m²,2室1厅,62m²,高层(共6层),陈娟娟,"丰庄十二街坊       嘉定-丰庄-丰庄北路166弄,丰庄西路558弄,丰庄北路82弄",近地铁,配套成熟,繁华地段
一手动迁，产权无税，房东置换，降价急售，看房有钥匙，南北户型,288万,36763元/m²,2室2厅,78m²,中层(共18层),仲成刚,金沙鼎苑       嘉定-江桥-金耀路555弄,新房房源,近地铁,繁华地段
14号地铁口300米 精装 看好价钱可谈 房东急售,198万,32652元/m²,2室1厅,60m²,中层(共6层),王芳,华江一村       嘉定-江桥-华江支路600弄,采光好,近地铁,配套成熟
金沙鼎苑，13年全新小区，中间楼层，房东急售，买到就转到。,198万,35263元/m²,1室1厅,56m²,低层(共15层),占古轩,金沙鼎苑       嘉定-江桥-金耀路555弄,全南户型,卫浴全明,环境优美
丽景新苑 精装修 正规顶楼复式 满五少税 采光好 无遮挡 急,388万,35926元/m²,3室2厅,108m²,高层(共6层),王冰逸,丽景新苑       嘉定-丰庄-丰庄路268弄,近地铁,近学校,配套成熟
合景户型醉正气两南一北房型，中科院雪区，可以落户房东诚心出售,278万,30396元/m²,3室2厅,91m²,低层(共18层),陈碧林,合景叠翠峰二期(馨园)       嘉定-菊园新区-秋竹路655弄,近地铁,采光好,拎包入住
急售房源14号地铁口楼层好满五唯一全南户型有钥匙,301万,36489元/m²,2室2厅,82m²,低层(共17层),韩中亚,嘉城新航域       嘉定-江桥-海川路58弄,近地铁,配套成熟,品质小区
南北两房 自住看房方便 满五唯一无税 电梯房采光好,460万,42938元/m²,2室2厅,107m²,低层(共17层),张丽坚,三元及地苑       嘉定-丰庄-嘉定铜川路2558弄,近地铁,配套成熟,品质小区
14号线300米，近沃尔玛，商圈成熟，对口华江小学,210万,37500元/m²,1室2厅,56m²,中层(共17层),唐宗楠,嘉城新航域       嘉定-江桥-海川路58弄
精装修，现房交付，接受置换客户，周期达9个月，看房车接！,450万,37815元/m²,3室2厅,119m²,中层(共18层),李爱华,"湖畔天下(公寓)       嘉定-南翔新城-瑞林路800弄,瑞林路1280弄",南北通透,配套成熟,品质小区
业主直降20万，对口上师大，带固定车位，免祱房源，看房随时。,195万,27083元/m²,2室1厅,72m²,低层(共6层),孙磊,"漪园新村       嘉定-南翔-火车站路185弄,火车站路121弄,火车站路151弄"
全景视频，11复12复13，空中花园景色尽收眼底！！,500万,29396元/m²,3室3厅,170m²,高层(共11层),唐宗楠,嘉旺苑       嘉定-江桥-靖远路1288弄,近学校,南北通透,复式房
上海F1公馆丨一手准现房丨无不限购不限贷丨繁华地段丨采光充足,75万,17442元/m²,1室1厅,43m²,低层(共11层),潘明华,瑞立万立城(商住楼)       嘉定-安亭-安悦路,新房房源
嘉旺苑 品质小区 中间楼层 大阳台 已改两房 送15万精装修,195万,31452元/m²,1室1厅,62m²,中层(共13层),唐宗楠,嘉旺苑       嘉定-江桥-靖远路1288弄,近学校
苏河源豪华装修上叠别墅 80万装修产权车位全送 急 急 急,520万,37143元/m²,4室2厅,140m²,中层(共6层),王封启,绿地海域苏河源(别墅)       嘉定-安亭-博园路8085弄,配套成熟,次新小区,品质小区
近14号线地铁 精装修送家具家电 满五唯一 看中可谈  急售,260万,40273元/m²,1室1厅,64m²,中层(共17层),陈彬,天际蓝桥       嘉定-江桥-华江支路328弄,近学校,近地铁,繁华地段
11号线嘉定 豪装南北通顶楼复式 采光视野佳11线尽在咫尺,335万,24417元/m²,3室2厅,137m²,中层(共6层),张志鹏,宝菊新家园       嘉定-菊园新区-红石路699弄,近地铁,近学校,新房房源
德华一村，两室一厅，近地铁11号线，降价40万，送20万装修,210万,33778元/m²,2室1厅,62m²,中层(共6层),孙磊,德华一村       嘉定-南翔-德华路316弄,近地铁,近学校,采光好
华润新出南北精装三房，全屋中央空调地暖全送，地下产权车位全送,415万,39524元/m²,3室2厅,105m²,中层(共20层),刘佳,华润中央公园(三期)       嘉定-南翔新城-浩翔路505弄
毒家 嘉定福地，对口嘉一附小，价格还可谈，满五年唯一无税！,185万,24432元/m²,3室1厅,75m²,高层(共6层),李冬娇,李园二村       嘉定-嘉定老城-温宿路6弄132-138号,近地铁,配套成熟,交通便利
嘉定老城中心位置 李园一村 对口普小校区 总价低  置换急卖,136万,30222元/m²,1室1厅,45m²,低层(共6层),孙玉兰,"李园一村       嘉定-嘉定老城-金沙路331弄,李园一村",近地铁,配套成熟,繁华地段
急卖 菊园实验校学，一房一厅，业主自住精装 看房方便,185万,33036元/m²,1室2厅,56m²,中层(共18层),冯少安,保利海上五月花(公寓)       嘉定-菊园新区-永靖路898弄,全南户型,采光好,房型正
金鼎香樟苑交通便利配套齐全两房精装修房东地价,400万,47710元/m²,2室1厅,83m²,中层(共16层),赵名拾,金鼎香樟苑(西区)       嘉定-丰庄-金鼎路2588弄,新房房源,近入口,中国风
湖畔一期，高区楼层，精装南北通，三期有房源可以直接定,410万,36283元/m²,3室2厅,113m²,中层(共28层),石晨,"湖畔天下(公寓)       嘉定-南翔新城-瑞林路800弄,瑞林路1280弄",近地铁,配套成熟,交通便利
钥匙房，四楼全明户型，满五年业主诚售，看中可谈，本周必卖！,220万,42529元/m²,1室1厅,51m²,中层(共6层),徐凯强,"真新新村嘉德坊       嘉定-丰庄-铜川路2225弄,万镇路1177弄",房型正,素质住户,安全性高
13号地铁口800米，豪华装修40万，中央空调，品牌家具家电,285万,36436元/m²,2室2厅,78m²,高层(共15层),朱言杰,绿地新江桥城(西区)       嘉定-江桥-金耀南路299弄,新房房源,近地铁,素质住户
精装修交付丨区域唯 一地标性 建筑高端丨大气上档次 精装公寓,85万,17347元/m²,2室1厅,49m²,中层(共22层),江燕,"泰东公寓       嘉定-方泰-东环路279弄,东环路129弄",新房房源,位置安静,配套成熟
金地品质小区，看房有钥匙，小户型总价低，送产权车位，急售！！,270万,39085元/m²,1室2厅,69m²,中层(共18层),魏占丽,森林公馆(东区)       嘉定-南翔新城-栖林路468弄,近地铁,近学校,小区中心
地铁口刚需房源 天居玲珑湾上门实拍诚心出售到价就签,198万,23991元/m²,2室2厅,82m²,中层(共16层),乔小艳,天居玲珑湾(公寓)       嘉定-嘉定北-汇旺东路1188弄,新房房源,南北通透,素质住户
"天居玲珑湾,精装大两房,南北通透,配套成熟交通便利.房龄新",195万,23334元/m²,2室2厅,83m²,低层(共16层),高尚,天居玲珑湾(公寓)       嘉定-嘉定北-汇旺东路1188弄
精装修小三房送车位诚意出售,410万,46533元/m²,3室2厅,88m²,低层(共18层),方笑银,中建溪岸澜庭       嘉定-南翔-德园路1259弄
近地铁，外地人可买，可用公积金，可落户，首付5万，房东急售,34万,17000元/m²,2室1厅,20m²,低层(共6层),陶兰,"新城尚上城(商住楼)       嘉定-安亭-安谐路99弄1号,5号",新房房源,近地铁,繁华地段
绿地新江桥，小区中心好楼层，毛坯空关，周边配套成熟随时看房,288万,37554元/m²,2室2厅,76m²,中层(共15层),孙国宏,绿地新江桥城(西区)       嘉定-江桥-金耀南路299弄,新房房源,近地铁,繁华地段
金地森林公馆精装修正气大两房，产权清晰,320万,36888元/m²,2室2厅,86m²,低层(共27层),孙磊,森林公馆(西区)       嘉定-南翔新城-栖林路425弄
房东急售房，天居玲珑湾，南北通透，拎包入住，价格可谈，随时看,225万,24750元/m²,2室2厅,90m²,高层(共16层),冯少安,天居玲珑湾(公寓)       嘉定-嘉定北-汇旺东路1188弄,次新小区,交通便利,繁华地段
"11号线安亭，无需社保,挑高5.2米 看房方便",50万,10417元/m²,2室1厅,48m²,中层(共18层),杨嫣嫣,V6时代       嘉定-安亭-新源路155弄16号
11号线口，一手湖畔住宅，修无税费，内部房源可认购,450万,38136元/m²,3室2厅,118m²,低层(共24层),袁坤,"湖畔天下(公寓)       嘉定-南翔新城-瑞林路800弄,瑞林路1280弄",素质住户,安全性高,品质小区
迎园六坊 新出房源 可拎包入住，满五少税首付压力小 置换急售,118万,24583元/m²,1室1厅,48m²,高层(共6层),孙玉兰,迎园新村七坊       嘉定-嘉定老城-迎园新村七坊1-20号,小户型,配套成熟,交通便利
11号线地铁口（外地人可买）不限购不限贷丨精装复试，得房率高,96万,20426元/m²,1室2厅,47m²,高层(共25层),徐铜亮,晶鼎大厦       嘉定-嘉定新城-白银路399号
嘉定新城11号线地铁口，税少急卖，价格可谈，20min到虹桥,267.5万,33197元/m²,2室2厅,80m²,中层(共18层),范玲,恒大御景湾       嘉定-嘉定新城-育英南街55弄,近地铁,新房房源,南北通透
简单装修毛坯价，靠近地铁，交通方便，近万达广场，购物娱乐方便,280万,37229元/m²,2室2厅,75m²,中层(共14层),廖辉军,水岸金桥苑       嘉定-江桥-鹤霞路555弄,配套成熟,繁华地段,品质小区
沿河高区景观房，可观整个江桥，真实可看，小区正花园位置，有钥,285万,36380元/m²,2室2厅,78m²,高层(共18层),廖辉军,金沙鼎苑       嘉定-江桥-金耀路555弄,新房房源,景观房,靠近花园
嘉定新城11号线地铁口，赠送朝北书房，只需支付契税，随时看房,248.5万,32590元/m²,2室2厅,76m²,中层(共22层),范玲,恒大御景湾       嘉定-嘉定新城-育英南街55弄,近地铁,新房房源,南北通透
南陈小区，新整改，环境好，车位多，繁华地段生活交通方便，急售,108万,25714元/m²,2室1厅,42m²,中层(共12层),赵超,"南陈小区       嘉定-嘉定老城-仓场路421弄,仓场路441弄",新房房源,配套成熟,繁华地段
钥匙房獨家委托 新上房源 地铁14号线旁边一梯两户 边套全明,225万,43269元/m²,1室1厅,52m²,中层(共6层),徐小强,"真新新村嘉德坊       嘉定-丰庄-铜川路2225弄,万镇路1177弄",主卧朝南,南北通透,一梯两户
钻石楼层又出新房，正宗南北通精装修两房，房东自住装修保持完整,289万,39939元/m²,2室2厅,72m²,中层(共6层),廖辉军,金鹤新城城杰苑       嘉定-江桥-鹤霞路600弄,近地铁,环境优美,素质住户
绿地新江桥 南北带转弯飘窗 实房实价,315万,40750元/m²,2室2厅,77m²,高层(共15层),王莉萍,绿地新江桥城(南区)       嘉定-江桥-金耀南路80弄,近地铁,南北通透,小区中心
白银时代 D铁房 精装修 南北大两房 对口普小 税费各付,300万,33256元/m²,2室2厅,90m²,共1层,何留荣,白银时代尚苑       嘉定-嘉定新城-云谷路1233弄,近地铁,新房房源,繁华地段
首付灵活 近地铁11号线陈翔路，各自付税，接受置换 房东诚意,258万,36617元/m²,2室1厅,70m²,高层(共18层),刘忠波,翔和雅苑(三区)       嘉定-南翔-德园路1500弄,新房房源,近地铁,配套成熟
晴天霹雳一声响，超强笋盘降临，采光好，一手动迁税费少，房型正,198万,36796元/m²,1室1厅,53m²,低层(共18层),刘忠波,翔和雅苑(三区)       嘉定-南翔-德园路1500弄,新房房源,近地铁,配套成熟
一手动迁税费少，新出高区南北两房，首付五成可谈20万，采光好,243万,33370元/m²,2室1厅,72m²,高层(共26层),刘忠波,翔和雅苑(三区)       嘉定-南翔-德园路1500弄,新房房源,近地铁,配套成熟
嘉定西精装南北三房，满五唯一税费少，中高楼层采光好，看房方便,285万,31879元/m²,3室2厅,89m²,中层(共18层),冯少安,合景叠翠峰二期(馨园)       嘉定-菊园新区-秋竹路655弄,近地铁,南北通透,厅带阳台
小区中心位置，高区景观房，VR全景实地拍摄，接受长时间置换！,258万,37069元/m²,2室1厅,69m²,高层(共18层),刘忠波,翔和雅苑(三区)       嘉定-南翔-德园路1500弄,新房房源,近地铁,配套成熟
一手动迁税费少，高区景观房，视野开阔，近地铁11号线陈翔站！,185万,34114元/m²,1室1厅,54m²,高层(共18层),刘忠波,翔和雅苑(三区)       嘉定-南翔-德园路1500弄,新房房源,近地铁,配套成熟
雅苑新出南北两房，高区景观房，位置佳，采光好，业主诚意急售！,258万,35430元/m²,2室1厅,72m²,中层(共26层),刘忠波,翔和雅苑(三区)       嘉定-南翔-德园路1500弄,新房房源,近地铁,配套成熟
本周特价翔和雅苑，近陈翔路站，直降20万，采光好，诚意出售,232万,33333元/m²,2室1厅,69m²,高层(共18层),刘忠波,翔和雅苑(三区)       嘉定-南翔-德园路1500弄,新房房源,近地铁,配套成熟
上师大附小，满两年，毛坯，没有住过人，接受置换，看房随时,380万,42415元/m²,2室2厅,89m²,高层(共14层),方笑银,同济融景雅苑       嘉定-南翔-金通路1968弄,近地铁,主卧朝南,客厅朝南
真盘实价中建三房南北通户型，精装修一楼带花园25平，满两年,365万,40938元/m²,3室2厅,89m²,低层(共18层),卜德壮,中建溪岸澜庭       嘉定-南翔-德园路1259弄
真盘实价陈翔路地铁口 翔和雅苑毛坯一房 高区楼层 印象城旁,205万,37802元/m²,1室2厅,54m²,中层(共26层),卜德壮,翔和雅苑(三区)       嘉定-南翔-德园路1500弄
真盘实价 绿洲二期1楼带地下室，开发商装修，附送90平地下室,590万,46094元/m²,6室3厅,128m²,低层(共18层),卜德壮,绿洲古猗新苑(二期)       嘉定-南翔-德园南路508弄,近地铁,配套成熟,品质小区
228万1房精装修，随时方便看房，图片真实，带花园25平方！,218万,42101元/m²,1室1厅,51m²,低层(共6层),庄杰,金鹤新城金霞苑       嘉定-江桥-鹤霞路111弄,近地铁,一梯两户,小区中心
首付五成可谈30万，低于市场价40万急售，接受置换，房型正.,240万,34110元/m²,2室1厅,70m²,中层(共11层),刘忠波,翔和雅苑(三区)       嘉定-南翔-德园路1500弄,新房房源,近地铁,配套成熟
丰庄片区学 区房  一房的价买两房  双南两房 采光好 急卖,210万,32308元/m²,2室1厅,65m²,中层(共6层),王艳丽,栅桥小区       嘉定-江桥-丰江路188弄,新房房源,两房朝南,一梯两户
14地铁口200米精装 动迁房 满五唯一 低于市场价20万,155万,35227元/m²,1室1厅,44m²,低层(共6层),陈彬,"江桥二村四街坊       嘉定-江桥-华江公路107弄1-4号,曲江路100弄",近地铁,交通便利,品质小区
新挂小户型 精装满两年 置换急售 经典小户型 可改2房,160万,24283元/m²,1室2厅,65m²,中层(共16层),高尚,天居玲珑湾(公寓)       嘉定-嘉定北-汇旺东路1188弄
景观大平层 二次买进税费低 满2年 接受置换 钥匙房随时交房,655万,37441元/m²,4室2厅,174m²,中层(共10层),张龙,森林公馆(西区)       嘉定-南翔新城-栖林路425弄,环境优美,繁华地段,品质小区
品质小区，房型正气，观景楼层，业主诚心手，价格可谈,275万,35484元/m²,2室2厅,77m²,高层(共15层),黄淑武,绿地新江桥城(西区)       嘉定-江桥-金耀南路299弄,配套成熟,繁华地段,品质小区
嘉定11号线地铁口 视野开阔 对口名校 可公积金贷 随时看房,47万,9408元/m²,2室2厅,50m²,中层(共11层),郭涛,绿苑二邨       嘉定-安亭-绿苑路82弄,近地铁,送车位,配套成熟
地铁14号线 房东置换 精装修送家具家电  南北户型满五唯一,560万,45143元/m²,3室2厅,124m²,中层(共18层),陈彬,香馥湾       嘉定-江桥-海川路77弄,南北通透,近地铁,品质小区
近14地铁 精装满五唯一 低于市场价20万 拎包入住 急售,165万,35870元/m²,1室1厅,46m²,中层(共6层),陈彬,"江桥三村五街坊       嘉定-江桥-靖远路650弄,张掖路201弄",近地铁,交通便利,品质小区
11号线地铁口丨精装复试丨不限购不限贷丨国际赛车场旁,87万,18511元/m²,2室1厅,47m²,中层(共6层),何万达,"泰东公寓       嘉定-方泰-东环路279弄,东环路129弄"
首付8万 精装复式 近地铁口 不用社保可买 可用上海公积金,39.7万,12406元/m²,2室2厅,32m²,中层(共16层),胡丽亚,利金国际       嘉定-丰庄-曹安公路1615号
地铁11号线嘉定站300米，精装修复式房送一层，业主急售降价,58万,12889元/m²,2室2厅,45m²,中层(共16层),袁伟,利金国际       嘉定-丰庄-曹安公路1615号,新房房源
满五税少，可落户读书，房东新装修急卖，可以租养贷,78万,16596元/m²,1室1厅,47m²,中层(共6层),袁伟,嘉定河东小区       嘉定-封浜-吴杨路100弄,新房房源,配套成熟,繁华地段
外地人可买丨11号线地铁口丨租金5千起丨精装复式公馆丨急抛。,70万,15217元/m²,2室2厅,46m²,低层(共15层),刘佳,嘉隆国际       嘉定-嘉定北-胜辛北路1888弄
朗诗业主急售，超性价比房源，128m  575W随时可看,575万,47066元/m²,3室2厅,122m²,低层(共18层),吴鹏程,朗诗绿色街区       嘉定-南翔新城-宝翔路888弄,近学校
地铁14号线口300米，动迁满三年，版式南北通透，诚心独一套,315万,35795元/m²,2室2厅,88m²,中层(共18层),黄华飞,嘉怡坊       嘉定-江桥-海蓝路98弄
首付12万丨不限购丨近地铁精装复式可用上海公积金送车位可看房,40万,14815元/m²,2室2厅,27m²,中层(共6层),赵超,底特律财富天地       嘉定-安亭-曹安公路5588号,近地铁
保利家园高台路353弄2房急售 满五唯一无个税 看房方便！！,303万,34644元/m²,2室2厅,87m²,低层(共11层),李文东,保利家园(南区)       嘉定-嘉定新城-高台路353弄,近地铁,近学校
双南房 楼层好 低总价 繁华地段 配套完善 校区房 随时好看,149万,25882元/m²,2室1厅,57m²,低层(共6层),龙涛,迎园新村五八坊       嘉定-嘉定老城-迎园新村五坊1-40号,大两房,房型正,繁华地段
你结婚需要房子 你儿子呢 你孙子呢 住房不炒 缩减贫富差距,220万,28571元/m²,2室2厅,77m²,中层(共15层),赵兴,嘉峰汇财富广场       嘉定-南翔-银翔路888弄
保利家园豪装两房，带产权车位，品牌家具家电，随时看房！,275万,31307元/m²,2室2厅,87m²,中层(共20层),李少伟,保利家园(北区公寓)       嘉定-嘉定新城-洪德路333弄
中建溪岸澜庭急南北通三房业主诚意诚满二税少税毗邻,380万,42668元/m²,3室2厅,89m²,低层(共18层),肖六云,中建溪岸澜庭       嘉定-南翔-德园路1259弄,南北通透,交通便利,繁华地段
11号线地铁800米，对口城中路小学，婚房装修，看房子方便。,197万,30392元/m²,2室1厅,64m²,低层(共6层),周玉娟,梅园新村       嘉定-菊园新区-梅园路300弄
地体口，婚房装修，前排绿化视野好，中间楼层，税费低，看房随时,260万,35646元/m²,2室2厅,72m²,中层(共6层),朱言杰,金鹤新城中虹华苑       嘉定-江桥-金园一路1115弄,近地铁,新房房源,素质住户
双南两房 满五唯一  多层三楼 小区中心位置 随时可看 真实,228万,43019元/m²,2室,53m²,中层(共6层),王谦,"丰庄十二街坊       嘉定-丰庄-丰庄北路166弄,丰庄西路558弄,丰庄北路82弄",近地铁,配套成熟,品质小区
14号线地铁口，税费少，次新小区，南北通透双阳台，中间楼层。,290万,34660元/m²,2室2厅,83m²,中层(共18层),朱言杰,盐湖新居       嘉定-江桥-曹安公路2831弄,近学校,新房房源,近地铁
11号线嘉定城区，地铁口一手高端别墅，大型商业一站式，学曲房,490万,37121元/m²,4室2厅,132m²,共5层,陈玉文,绿地天呈       嘉定-菊园新区-嘉唐公路169弄,近地铁,配套成熟,交通便利
房东急售房，天居玲珑湾，南北通透，拎包入住，价格可谈，随时看,225万,24750元/m²,2室2厅,90m²,高层(共16层),冯少安,天居玲珑湾(公寓)       嘉定-嘉定北-汇旺东路1188弄,次新小区,交通便利,繁华地段
汽车城去地鉄房丨精装修送车位丨民用水电丨燃气入户丨降价30万,86万,20476元/m²,2室1厅,42m²,中层(共8层),李园,瑞立万立城(商住楼)       嘉定-安亭-安悦路
江桥三村。配套成熟，正南北通透。有钥匙随时看房。,395万,35909元/m²,3室2厅,110m²,低层(共6层),李芳芳,"江桥三村四街坊       嘉定-江桥-靖远路510弄,临潭路518弄"
真 实房源 中心花园位置 精装修全送 有钥匙 随时看,228万,43661元/m²,2室1厅,52m²,中层(共6层),徐新,"丰庄十二街坊       嘉定-丰庄-丰庄北路166弄,丰庄西路558弄,丰庄北路82弄",近地铁,配套成熟,交通便利
紧靠13号线丰庄站，全明一房，生活配套齐全，有钥匙,180万,38128元/m²,1室1厅,47m²,中层(共6层),李美刚,"丰庄十二街坊       嘉定-丰庄-丰庄北路166弄,丰庄西路558弄,丰庄北路82弄",卫浴全明,小区中心,近地铁
真实在售 婚房装修 小区前排沿河景观 俯看古漪园 已买急售,518万,51247元/m²,3室2厅,101m²,高层(共20层),江旭东,绿地清猗园(三期)       嘉定-南翔-德华路79弄,近地铁,送车位,环境优美
房东急售，满五唯一，税费少，宝龙广场对面，精装两房,300万,33971元/m²,2室2厅,88m²,低层(共29层),王月,风荷丽景尚城(东区公寓)       嘉定-嘉定新城-宝塔路99弄,近地铁,繁华地段,品质小区
（跳楼价）业主订好别处小区，目前急售此房拿来凑钱附款，可议急,648万,57667元/m²,2室2厅,112m²,高层(共14层),王谦,嘉宝都市港湾二期       嘉定-丰庄-新郁路199弄,近地铁,配套成熟,品质小区
真盘实价 绿洲二期1楼带地下室，开发商装修，附送90平地下室,590万,46094元/m²,6室3厅,128m²,低层(共18层),卜德壮,绿洲古猗新苑(二期)       嘉定-南翔-德园南路508弄,近地铁,配套成熟,品质小区
228万1房精装修，随时方便看房，图片真实，带花园25平方！,218万,42101元/m²,1室1厅,51m²,低层(共6层),庄杰,金鹤新城金霞苑       嘉定-江桥-鹤霞路111弄,近地铁,一梯两户,小区中心
急售11号线嘉定西 南北通透 70年产权 满五唯一 对口实验,272万,30259元/m²,2室2厅,89m²,高层(共18层),陈碧林,新城悠活城(东区)       嘉定-菊园新区-红石路333弄,采光好,拎包入住,近地铁
高区景观房，一手动迁税费少，精装拎包入住，送全套品牌家具家电,365万,42481元/m²,3室1厅,85m²,中层(共18层),刘忠波,翔和雅苑(三区)       嘉定-南翔-德园路1500弄,新房房源,近地铁,配套成熟
新出房源 本人实地拍摄 商品房 西边套南北全明 有钥匙 空关,218万,41923元/m²,1室1厅,52m²,中层(共6层),张庆林,"真新新村嘉德坊       嘉定-丰庄-铜川路2225弄,万镇路1177弄",南北通透,环境优美,品质小区
置业优选，地铁口品质三居室，小区楼 王位置业主急卖直降30万,468万,46305元/m²,3室2厅,101m²,中层(共18层),刘金宣,绿地清猗园(三期)       嘉定-南翔-德华路79弄,近地铁,拎包入住,配套成熟
急售房源！保利湖畔精装两房，带车位诚意出售，随时看房，急售！,295万,32658元/m²,2室2厅,90m²,低层(共18层),官武寅,保利湖畔阳光苑(西区)       嘉定-嘉定新城-封周路368弄,配套成熟,交通便利,繁华地段
威廉新出豪装小三房 高区景观 家具家电全送 全屋大金中央空调,428万,42668元/m²,3室2厅,100m²,高层(共22层),刘金宣,绿地清猗园(二期)       嘉定-南翔-德华路80弄,近地铁,拎包入住,配套成熟
地铁11号线 无需社保 外地人可买 业主降价抛售 可拎包入住,89万,15614元/m²,2室1厅,57m²,中层(共11层),韩林,包桥小区       嘉定-马陆-宝安公路2888弄96号
南望河 北靠山 这套房子不一般！接受置换 我是维护人 有底价,518万,51247元/m²,3室2厅,101m²,中层(共18层),倪文庆,绿地清猗园(三期)       嘉定-南翔-德华路79弄,近地铁,配套成熟,品质小区
首付五成可谈30万，低于市场价40万急售，接受置换，房型正.,240万,34110元/m²,2室1厅,70m²,中层(共11层),刘忠波,翔和雅苑(三区)       嘉定-南翔-德园路1500弄,新房房源,近地铁,配套成熟
菊园新区精装南北三房 带40平大花园 对口实验校区看房随时方,245万,26683元/m²,3室2厅,91m²,低层(共18层),付小平,旭辉锦庭(东区)       嘉定-菊园新区-双坪路200弄,交通便利,素质住户,繁华地段
龙湖蓝湖郡，联排别墅，满五唯一，位置安静，紧邻万达，闹中取静,890万,42381元/m²,4室3厅,210m²,共4层,文佳傲,龙湖郦城(西区别墅)       嘉定-嘉定新城-双单路1509弄,配套成熟,繁华地段,品质小区
澳丽映像102平米大两房，婚房装修家具家电全送，南北通透急卖,270万,26396元/m²,2室2厅,102m²,中层(共11层),晋登鹏,澳丽映象嘉园       嘉定-安亭-新源路1025弄1-60号,配套成熟,繁华地段,品质小区
电梯小两房，面积大户型好，靠近小区大门位置，有钥匙，随时看房,245万,42031元/m²,1室2厅,58m²,低层(共7层),张春,金鹤新城中房公寓       嘉定-江桥-金耀路333弄,近地铁,新房房源,全南户型
急售11号线D铁房 首付22万 可贷款 挑高4.8米 送装修,72万,20571元/m²,1室1厅,35m²,中层(共21层),王欣,"永和生活广场       嘉定-江桥-靖远路715号,靖远路717号",送车位,近地铁,配套成熟
白银站口白银时代精装全配，诚意急售图片真实   拎包可入住。,350万,38436元/m²,2室2厅,91m²,高层(共28层),蔡方战,白银时代尚苑       嘉定-嘉定新城-云谷路1233弄,近地铁,南北通透,中国风
毗邻大融城育英街，吃喝玩样样都有，地铁步行5分即到，诚心急售,305万,33516元/m²,2室2厅,91m²,中层(共32层),官武寅,东方豪园(公寓)       嘉定-嘉定新城-宝安公路3518弄,配套成熟,交通便利,繁华地段
245万三房，送60平的院子，买进220万，税少，随时可看，,242万,27645元/m²,3室2厅,87m²,低层(共17层),王涛,上海派II       嘉定-安亭-于塘南路82弄,带花园,近地铁,品质小区
可以万达，何必郊外，可以地铁口，何必等公交，精装修带燃气复式,106万,23556元/m²,2室1厅,45m²,高层(共16层),官守兵,绿地卡米公社       嘉定-嘉定新城-云谷路279弄,近地铁,配套成熟,繁华地段
小孩大了，东方豪园豪装三房，该有个独立空间，满足您浓浓的爱意,496万,37293元/m²,3室2厅,133m²,中层(共33层),张荣标,东方豪园(公寓)       嘉定-嘉定新城-宝安公路3518弄,配套成熟,安全性高,品质小区
豪华装修75万，地铁口四房，业主诚心出售！接受置换。,638万,51723元/m²,4室2厅,123m²,中层(共8层),谢飞,中建溪岸澜庭       嘉定-南翔-德园路1259弄,近地铁,配套成熟,品质小区
实图实价，河畔艺墅11楼，精装修，拎包入住,200万,23516元/m²,2室2厅,85m²,高层(共13层),贾坤宇,河畔艺墅(公寓)       嘉定-外冈-恒荣路388弄,南北通透,拎包入住,品质小区
"合景峰汇公寓精装紧邻地铁,多条公交经过！",90万,21067元/m²,2室1厅,42m²,高层(共16层),肖将,合景峰汇       嘉定-嘉定新城-天祝路555弄,近地铁,交通便利,繁华地段
精装三房，随时可看，带一个独立的产权车位，南北通透，,263万,28659元/m²,3室2厅,91m²,高层(共7层),王涛,"古北萃庭       嘉定-安亭-彤闻路77弄,彤闻路199弄"
实拍 新镇颂苑，景观河全明采光好，精装不挑客户，等你来电！,400万,27757元/m²,3室2厅,144m²,共5层,夏桂松,安亭新镇颂苑       嘉定-安亭-安智路100弄,近地铁,繁华地段,品质小区
嘉城新航域全南两房14号地铁口满五唯一到价签字急售,306万,37095元/m²,2室2厅,82m²,低层(共17层),韩中亚,嘉城新航域       嘉定-江桥-海川路58弄,全南户型,近地铁,配套成熟
江桥新小区，中高楼层免 税，婚房首 选，自由装修近13号线,191万,34016元/m²,1室2厅,56m²,中层(共17层),华云燕,金沙鼎苑       嘉定-江桥-金耀路555弄,新房房源
VR全景 采光绽放出耀眼的光芒 买到就是赚到 看房有钥匙。,199万,36696元/m²,1室1厅,54m²,高层(共18层),倪文庆,翔和雅苑(三区)       嘉定-南翔-德园路1500弄,近地铁,配套成熟,品质小区
实地实拍 拎包即住 可租可住 租金高达3500  看房随时,170万,36147元/m²,1室1厅,47m²,高层(共6层),袁慎钰,嘉定金华新村       嘉定-江桥-华江路1481弄,近地铁,近学校,素质住户
"边套南北通,楼层好,配套设施齐全,近地铁,精装修",285万,29718元/m²,3室2厅,95m²,低层(共18层),乔小艳,新城悠活城(东区)       嘉定-菊园新区-红石路333弄,新房房源,南北通透,素质住户
小区中间位置 双南两房 带空调 房东自己住 随时看房价可谈,210万,24654元/m²,2室2厅,85m²,中层(共16层),李青,天居玲珑湾(公寓)       嘉定-嘉定北-汇旺东路1188弄,南北通透,交通便利,素质住户
实验分校11号线嘉定西 精装修全南户型 满五年唯一 价好谈,248万,30961元/m²,2室2厅,80m²,中层(共18层),戴体峰,合景叠翠峰(一期)       嘉定-菊园新区-秋竹路618弄,全南户型,中国风,近地铁
上师大附小，二次装修带空调，满两年，目前自住，接受置换,355万,41193元/m²,2室1厅,86m²,高层(共14层),方笑银,祥源福邸       嘉定-南翔-金通路1788弄,主卧朝南,客厅朝南,小户型
（跳楼价）业主订好别处小区，目前急售此房拿来凑钱附款，可议急,648万,57667元/m²,2室2厅,112m²,高层(共14层),王谦,嘉宝都市港湾二期       嘉定-丰庄-新郁路199弄,近地铁,配套成熟,品质小区
朝南带阳台 多层二楼 真实在售 VR720度全景拍摄 价值房,198万,42128元/m²,1室1厅,47m²,中层(共6层),李仲,"丰庄十二街坊       嘉定-丰庄-丰庄北路166弄,丰庄西路558弄,丰庄北路82弄",近地铁,配套成熟,品质小区
"地铁11号线，租金3000，周边配套齐全,首付可全贷款 急售",61万,13677元/m²,2室2厅,44m²,高层(共17层),冯少安,中茂世纪       嘉定-嘉定北-汇源路218弄,复式房,拎包入住,近地铁
去年从新装修，业主诚心出售，小区中间位置，没有个税！随时看房,265万,27255元/m²,2室2厅,97m²,低层(共9层),赵立盼,澳丽映象嘉园       嘉定-安亭-新源路1025弄1-60号
李园二村 精装两房 房型正气清爽 对口嘉一附小房东新房已买好,165万,25000元/m²,2室1厅,66m²,高层(共6层),邵海涛,李园二村(北区)       嘉定-嘉定老城-李园二村36-131号,两房朝南,近地铁,繁华地段
11号线嘉定西站 万科集团复式90平送30平 花园洋房 急售,350万,39264元/m²,3室2厅,89m²,高层(共12层),冯少安,万科金色领域(西区)       嘉定-菊园新区-秋竹路801弄1-48号,近地铁,复式房,采光好
万科2期南北通户型 精装全新南北通平层22楼，房子清爽无纠纷,270万,30151元/m²,3室2厅,89m²,高层(共28层),冯少安,万科金色领域(西区)       嘉定-菊园新区-秋竹路801弄1-48号,近地铁,南北通透,采光好
房东诚心急售 旭辉锦庭 2室2厅 228万 精装修，家电全送,228万,30000元/m²,2室2厅,76m²,中层(共18层),冯少安,旭辉锦庭       嘉定-菊园新区-胜竹路1399号,采光好,房型正,拎包入住
笋盘推出 嘉定西地铁站精装修小三房 小区前排视野好 看房方便,275万,30761元/m²,3室2厅,89m²,中层(共18层),冯少安,合景叠翠峰二期(馨园)       嘉定-菊园新区-秋竹路655弄,近地铁,南北通透,厅带阳台
悠活城地铁口 两房高层采光好景观房 满五唯一 精装全送真实价,255万,30872元/m²,2室2厅,82m²,高层(共18层),冯少安,新城悠活城(东区)       嘉定-菊园新区-红石路333弄,近地铁,配套成熟,环境优美
今，天房东上门再次降25万（现价40万买到赚50万）还送车库,64万,13617元/m²,2室1厅,47m²,低层(共12层),王文俊,创业家园       嘉定-江桥-张掖路355号
11号线马路地铁口 不限购不限贷 100米精装现房 超低总价,100万,33333元/m²,2室1厅,30m²,中层(共10层),赵潺,"骏丰玲珑坊       嘉定-嘉定新城-康年路208弄,康年路209弄",近地铁,配套成熟,品质小区
都市港湾，精装修电梯两房，送25万产权车位，近地铁13号线。,535万,55212元/m²,2室2厅,96m²,中层(共14层),李美刚,嘉宝都市港湾(一期)       嘉定-丰庄-新郁路199弄,新房房源,南北通透,景观房
急售嘉定老城区 对口疁城 70年产权可用公积金 满三唯一 急,175万,25180元/m²,2室1厅,69m²,高层(共6层),尹兆,塔城路800弄小区       嘉定-嘉定老城-塔城路800弄
万科打造近地铁丨南北通透丨新房出售丨楼层可选丨成熟配套无遮挡,245万,29518元/m²,2室2厅,83m²,低层(共7层),范兆嵩,安亭新镇雅苑       嘉定-安亭-安礼路258弄,环境优美,交通便利,品质小区
翔和雅苑，精装全南两房，仅交1个点个税，陈翔路印象城开通在即,260万,36900元/m²,2室2厅,70m²,低层(共27层),石晨,翔和雅苑(三区)       嘉定-南翔-德园路1500弄,近地铁,配套成熟,交通便利
桃园小区 近嘉定北站 对口校区 满五唯一 看房随时 置换急卖,135万,27000元/m²,2室1厅,50m²,高层(共6层),王东梅,"桃园小区       嘉定-嘉定老城-城中路203弄,城中路213弄,温宿路72弄"
租金可以达到5000以租养贷无压力拎包入住没问题临地铁不限购,108万,19286元/m²,1室2厅,56m²,中层(共12层),朱良,新城悠活城(商住楼)       嘉定-菊园新区-柳梁路55弄
11号线地铁口180米，嘉定区首付29万精装复式，无社保可买,125万,14706元/m²,2室1厅,85m²,中层(共12层),刘慧,底特律财富天地       嘉定-安亭-曹安公路5588号,近地铁,繁华地段,品质小区
近期必卖，精装大三房，三房两厅两位，装修好，对口普小,380万,36538元/m²,3室2厅,104m²,低层(共24层),王月,盘古天地(东区)       嘉定-嘉定新城-云屏路1188弄,近地铁,繁华地段,品质小区
正规轻轨房零距11号线日月光伯爵天地房东直降40万急售！,330万,31044元/m²,3室2厅,106m²,高层(共18层),冯少安,日月光伯爵天地       嘉定-菊园新区-平城路1000弄,近地铁,南北通透,厅带阳台
新城金郡 精装三房 满五唯一 房东急售 近地铁 看房联系我,468万,37627元/m²,3室2厅,124m²,低层(共18层),范法亮,新城金郡(二期北区)       嘉定-嘉定新城-崇信路1518弄,近地铁,配套成熟,繁华地段
嘉定普小旁，金沙小区，现场实拍照片，户型正气，成熟配套,250万,32051元/m²,2室1厅,78m²,中层(共6层),李冬娇,金沙公寓       嘉定-嘉定老城-金沙路366弄,近学校,两房朝南,近地铁
精装修三房，户型正气，交通方便,600万,46404元/m²,3室2厅,129m²,中层(共20层),方笑银,绿地清猗园(三期)       嘉定-南翔-德华路79弄,近地铁
精装修小三房送车位诚意出售,410万,46533元/m²,3室2厅,88m²,低层(共18层),方笑银,中建溪岸澜庭       嘉定-南翔-德园路1259弄
多层精装2楼2房，送2平储藏间，已改3房。,215万,26875元/m²,2室2厅,80m²,共5层,田丽莉,怡景花园       嘉定-嘉定老城-福海路111弄,新房房源
上师大附小，二次装修带空调，满两年，目前自住，接受置换,355万,41193元/m²,2室1厅,86m²,高层(共14层),方笑银,祥源福邸       嘉定-南翔-金通路1788弄,主卧朝南,客厅朝南,小户型
民东公寓地铁站旁三房两厅两卫南翔官邸，低于市场价南北通透,380万,32495元/m²,3室2厅,116m²,高层(共6层),孙磊,"民东公寓       嘉定-南翔-民主东街151弄,民主东街27弄,民主东街62弄,古猗园路350弄,民主东街87弄,民主东街16弄",近地铁,交通便利,繁华地段
嘉定新城 南北两房 精装修 满五唯一 随时看房 价格可谈,265万,31630元/m²,2室2厅,83m²,中层(共18层),黄二锐,保利家园(北区公寓)       嘉定-嘉定新城-洪德路333弄,素质住户,安全性高,品质小区
宝菊新家园新出房源 精装修采光好 房东诚心出售 限售7天,170万,29160元/m²,1室1厅,58m²,低层(共6层),乔小艳,宝菊新家园       嘉定-菊园新区-红石路699弄,近地铁,近学校,新房房源
丰庄四村 一楼双南两房 出行方便 配套齐全 送30平米院子,265万,41458元/m²,2室1厅,63m²,低层(共6层),付银,丰庄四村       嘉定-丰庄-丰庄北路480弄,近地铁,配套成熟,繁华地段
精装3房 对口普小 近11号线白银路 环境优美 配套成熟,300万,33576元/m²,3室2厅,89m²,低层(共27层),周定松,盘古天地(西区)       嘉定-嘉定新城-云屏路1199弄,位置安静,送家电,近地铁
真实在售 威廉新出豪华装修地暖 三房  前排沿河 采光无敌,512万,50653元/m²,3室2厅,101m²,中层(共18层),刘金宣,绿地清猗园(三期)       嘉定-南翔-德华路79弄,近地铁,拎包入住,配套成熟
丰庄十二街坊 双南两室户 总价低 紧靠13号线丰庄站,210万,40214元/m²,2室,52m²,中层(共6层),付银,"丰庄十二街坊       嘉定-丰庄-丰庄北路166弄,丰庄西路558弄,丰庄北路82弄",近地铁,配套成熟,繁华地段
精装修三年，业主自住，家具全送，随时可看，提前联系，,210万,23883元/m²,3室2厅,87m²,中层(共6层),王涛,玉兰一村       嘉定-安亭-墨玉路164弄1-87号,近地铁,近学校,配套成熟
动迁满五唯一无税，可改成两房，看房随时有钥匙，小区中心位置,245万,42031元/m²,1室2厅,58m²,低层(共7层),项冬梅,金鹤新城中房公寓       嘉定-江桥-金耀路333弄,近地铁,全南户型,采光好
电梯花园洋房 近地铁 印象城旁 送豪装80万！接受置换！,638万,44525元/m²,4室2厅,143m²,低层(共8层),刘金宣,中建溪岸澜庭       嘉定-南翔-德园路1259弄,拎包入住,配套成熟,品质小区
11号线嘉定西站，次新房房东自住装修，看房子方便。,181万,27470元/m²,2室1厅,65m²,中层(共15层),周玉娟,天居玲珑湾(公寓)       嘉定-嘉定北-汇旺东路1188弄
房东上门挂牌 地铁口精装两房拎包入住 配套齐全看房有钥匙,80万,20725元/m²,2室2厅,38m²,低层(共20层),徐金辉,"新城金郡M11金座       嘉定-嘉定新城-云屏路1520弄31号,高台路1459号",近地铁,繁华地段,品质小区
俯瞰德富学校，仰望保利大剧院，散步于远香湖，闲赋于图书馆,260万,31123元/m²,2室2厅,83m²,高层(共26层),官守兵,保利家园(北区公寓)       嘉定-嘉定新城-洪德路333弄,配套成熟,环境优美,繁华地段
实勘房源杜绝虚精装三房 近11号地铁同济附属中小学 观景房,315万,34239元/m²,3室2厅,92m²,低层(共28层),晋登鹏,绿地海域苏河源(一期公寓)       嘉定-安亭-博园路8085弄,近地铁,配套成熟,繁华地段
绿地品质 近地铁 新出笋盘 钥匙房随时看 低于市场价50万,370万,41466元/m²,2室2厅,89m²,高层(共15层),刘金宣,绿地清猗园(三期)       嘉定-南翔-德华路79弄,近地铁,拎包入住,配套成熟
嘉定老城核心区域 精装南北通大三房 总价低 随时看房！！,320万,24049元/m²,3室2厅,133m²,中层(共6层),黄二锐,嘉丰佳苑       嘉定-嘉定老城-沪宜公路3885弄,近地铁,繁华地段,品质小区
嘉定西 嘉宝梦之湾 就读中科院 满五唯一 房东改成两房了,239万,35571元/m²,1室2厅,67m²,低层(共11层),张文,嘉宝梦之湾(公寓)       嘉定-菊园新区-平城路2055弄,近地铁,配套成熟,低密度
当毛坯卖两房满五唯一税少临13号线毗邻万达广场华泰中心,315万,43204元/m²,2室2厅,72m²,中层(共7层),邓陈娟,金沙缘圆宝邸       嘉定-江桥-金园一路1359弄1-69号,近地铁,交通便利,繁华地段
南北通两房 自带40平米大花园 看房方便 价格可谈！,315万,35393元/m²,2室2厅,89m²,低层(共27层),黄二锐,盘古天地(东区)       嘉定-嘉定新城-云屏路1188弄,近地铁,配套成熟,品质小区
婚房装修送车位，税费各付，刚需首 选，首付五成可谈30万,398万,44474元/m²,3室2厅,89m²,中层(共18层),谢飞,中建溪岸澜庭       嘉定-南翔-德园路1259弄,近地铁,配套成熟,品质小区
房东急售，龙湖郦城，嘉定新城地铁口，万达旁，南北通，双阳台,350万,36082元/m²,2室2厅,97m²,低层(共32层),王月,龙湖郦城(188弄)       嘉定-嘉定新城-云屏路188弄,近地铁,繁华地段,品质小区
本周必卖，翔和毛坯2房，近地铁，从未入住过， 一手动迁税少,258万,37069元/m²,2室2厅,69m²,高层(共18层),方笑银,翔和雅苑(三区)       嘉定-南翔-德园路1500弄
国企物业 品质小区 配套成熟 满五唯一 送车位 诚心出售,260万,31034元/m²,2室2厅,83m²,中层(共25层),丁昌伟,保利家园(南区)       嘉定-嘉定新城-高台路353弄,近地铁,近学校,素质住户
11号线800米，精装对口嘉一附小，看房子方便,190万,29231元/m²,2室1厅,65m²,高层(共6层),周玉娟,"桃园小区       嘉定-嘉定老城-城中路203弄,城中路213弄,温宿路72弄"
嘉定新城核心地段稀有110平精装三房，对口德富路中小学，急,340万,36904元/m²,3室2厅,92m²,中层(共20层),张荣标,保利星海屿筑(南区)       嘉定-嘉定新城-高台路533弄,安全性高,繁华地段,品质小区
新上房源 真实在售 随时可看 值得关注 诚意售 价格可谈,228万,38000元/m²,2室1厅,60m²,低层(共6层),李仲,新郁社区       嘉定-丰庄-丰庄北路151弄,近地铁,配套成熟,品质小区
真心急卖置换 南北两房 配套齐全 诚意卖房 价格可谈,164万,23693元/m²,2室1厅,69m²,高层(共6层),冯少安,南苑七村       嘉定-嘉定老城-福海路281弄,南北通透,采光好,房型正
三湘叠加别墅 满两年 次新房 小区品质佳 看房随时,950万,49351元/m²,4室2厅,192m²,共5层,董亚超,三湘海尚名邸       嘉定-南翔新城-宝翔路188弄,南北通透,靠近花园,中国风
品质商品房，周边配套齐全！,330万,38860元/m²,2室2厅,84m²,低层(共18层),马龙,盐湖新居       嘉定-江桥-曹安公路2831弄,近学校
湖畔天下丨板式南北通户型丨精装高区丨俯瞰菁英湖丨接受置换急,390万,34821元/m²,3室2厅,112m²,高层(共18层),石晨,"湖畔天下(公寓)       嘉定-南翔新城-瑞林路800弄,瑞林路1280弄",近地铁,配套成熟,素质住户
秋霞公寓 高品质普小學區 精装大两房 230万到价签字,230万,30667元/m²,2室1厅,75m²,高层(共6层),陆乾峰,秋霞公寓       嘉定-嘉定老城-东大街250弄
合景峰汇 不限购 采光好 近宝龙广场 周边设施配套齐全,88万,19556元/m²,2室2厅,45m²,中层(共20层),李林,合景峰汇       嘉定-嘉定新城-天祝路555弄,近地铁,配套成熟,品质小区
顶楼复式 简装 白银路轨交500米步行到 品质好 总高7层,550万,38875元/m²,4室2厅,141m²,高层(共7层),张荣标,新城香溢璟庭(一期)       嘉定-嘉定新城-依玛路389弄,独立电梯,配套成熟,安全性高
李园二村，近嘉定北站，地理位置好。精装修，可拎包入住,268万,27420元/m²,3室1厅,97m²,中层(共7层),王浩男,"李园二村(西区)       嘉定-嘉定老城-李园二村21-32号,博乐路252弄4-15号",近地铁,近学校,两房朝南
李园一村，对口普小，满五税少，房东诚心出售,145万,31399元/m²,1室1厅,46m²,低层(共6层),邵海涛,"李园一村       嘉定-嘉定老城-金沙路331弄,李园一村",近地铁,安全性高,品质小区
11号线嘉定西 高层景观区 豪华装修家具家电全部送 满两年,270万,30201元/m²,3室2厅,89m²,高层(共18层),冯少安,合景叠翠峰二期(馨园)       嘉定-菊园新区-秋竹路655弄,近地铁,南北通透,卫浴全明
嘉定西地铁口精装复试两房 中高楼层采光好 2房2卫看房方便,80万,20000元/m²,2室1厅,40m²,高层(共11层),付小平,魔方社区       嘉定-嘉定老城-民悦街11弄,近地铁,配套成熟,交通便利
新小区高区南北通两房钥匙房位置安静诚意卖价钱可谈近13号线,270万,34839元/m²,2室2厅,77m²,高层(共15层),华云燕,绿地新江桥城(西区)       嘉定-江桥-金耀南路299弄,新房房源,采光好,近地铁
湖畔联排，地铁口，精装修，满两年，看房随时,960万,48731元/m²,4室2厅,197m²,共3层,董亚超,"湖畔天下(别墅)       嘉定-南翔新城-瑞林路1280弄,瑞林路800弄,芳林路1357弄",联排别墅,中国风,近地铁
实拍图片 近地铁嘉定北 对口城中路小学 底楼送双南天井,185万,27736元/m²,2室2厅,66m²,低层(共6层),王东梅,梅园新村       嘉定-菊园新区-梅园路300弄,新房房源
嘉定北精装修三房，楼间距宽采光没影响，带花园看房随时方便,210万,24726元/m²,3室2厅,84m²,低层(共18层),周玉娟,首创旭辉城(公寓)       嘉定-嘉定北-汇源路518弄,近地铁,配套成熟,素质住户
11号线旁 带产权车位 开发商精装修家具家电全部送 满两年,270万,30201元/m²,3室2厅,89m²,高层(共18层),冯少安,合景叠翠峰二期(馨园)       嘉定-菊园新区-秋竹路655弄,近地铁,南北通透,卫浴全明
嘉定老城，电梯小两房，对口城中路小学，全新装修,146万,28746元/m²,2室,50m²,高层(共16层),周玉娟,高层小区       嘉定-嘉定老城-清河路100弄,近地铁,配套成熟,安全性高
太屋实拍 华润景观两房 全屋自带地暖空调 靠近印象城 满两,389万,45759元/m²,2室2厅,85m²,高层(共18层),谭书均,华润中央公园(二期)       嘉定-南翔新城-陈翔公路1588弄,配套成熟,繁华地段,品质小区
人生首套的醉佳选择 满五唯一，精装修 自住保养的非常好,198万,43288元/m²,1室1厅,45m²,高层(共6层),杨有权,丰庄十四街坊       嘉定-丰庄-丰庄西路551弄,近地铁,配套成熟,品质小区
安亭小学*房，带电梯且业主去年重新装修，家电家具都是新的,260万,26840元/m²,2室2厅,96m²,中层(共9层),赵立盼,澳丽映象嘉园       嘉定-安亭-新源路1025弄1-60号,双阳台,配套成熟,交通便利
地铁14号沿线，*房，靠三甲医院！,285万,34354元/m²,2室2厅,82m²,中层(共18层),马龙,天禧嘉苑(西区)       嘉定-江桥-卧龙路333弄
"急售 近地铁的小区,精装修,小区品质好,中科院,生活配套好",240万,28305元/m²,2室2厅,84m²,低层(共27层),冯少安,新城悠活城(东区)       嘉定-菊园新区-红石路333弄,近地铁,配套成熟,次新小区
嘉定新城紫气东来公园旁 精装修三房 满五唯一 随时看房！,305万,34135元/m²,3室2厅,89m²,低层(共24层),黄二锐,盘古天地(西区)       嘉定-嘉定新城-云屏路1199弄,安全性高,繁华地段,品质小区
精装修小三房，带车位，业主自住,400万,44823元/m²,3室2厅,89m²,中层(共18层),方笑银,中建溪岸澜庭       嘉定-南翔-德园路1259弄
距离11近，经典户型，南北通透，全明奢阔格局，自住精装.,275万,30005元/m²,2室2厅,91m²,低层(共18层),冯少安,新城悠活城(东区)       嘉定-菊园新区-红石路333弄,南北通透,厅带阳台,近地铁
中科院 北水湾幼儿园门口嘉定西地铁口 低 价买精装三房,280万,30614元/m²,3室2厅,91m²,低层(共16层),冯少安,合景叠翠峰二期(馨园)       嘉定-菊园新区-秋竹路655弄,近地铁,拎包入住,配套成熟
到徐家汇上海市区直达地铁 嘉宝品质小区9楼采光好靠近别墅,335万,34138元/m²,3室2厅,98m²,高层(共11层),陈玉文,嘉宝梦之湾(公寓)       嘉定-菊园新区-平城路2055弄,近地铁,环境优美,次新小区
边套精装附送产权车位，小面积装修15万全送看房随时复式,115万,33391元/m²,2室2厅,34m²,低层(共9层),韩连杰,MAX未来       嘉定-江桥-嘉涌路99弄,新房房源,复式房,近地铁
"外冈新苑2楼，精装修，南北大2房,满五唯一！",190万,20327元/m²,2室2厅,93m²,共5层,贾坤宇,外冈新苑(北区)       嘉定-外冈-恒飞路488弄,拎包入住,繁华地段,低密度
阳光清风随时造访生活 南北高性价比景观入户露台,330万,35800元/m²,2室2厅,92m²,低层(共18层),张荣标,保利星海屿筑(南区)       嘉定-嘉定新城-高台路533弄,配套成熟,素质住户,品质小区
外冈佳苑2楼，精装修 1房1厅，小套，河景房,135万,22819元/m²,1室1厅,59m²,低层(共18层),贾坤宇,外冈佳苑(西区)       嘉定-外冈-中泉路129弄,新房房源
售后公房 ，一个点个税，看房基本随，提前约我，可以看房,300万,40683元/m²,2室1厅,73m²,高层(共6层),杨有权,丰庄十四街坊       嘉定-丰庄-丰庄西路551弄,近地铁
VR全景实拍 送产权车位 南北板式三房 小区中心位置 急售,598万,46876元/m²,3室2厅,127m²,高层(共17层),江旭东,格林公馆       嘉定-南翔新城-芳林路951弄,近地铁
南苑新世纪，大三房，南北通透，满五年唯一，随时好看房！,300万,23708元/m²,3室2厅,126m²,高层(共6层),郄伦平,南苑新世纪公寓       嘉定-嘉定老城-裕民路388弄,次新小区,交通便利,品质小区
嘉定地铁口 房东新装修 周边配套很成熟 吃喝玩乐一体化 。,265万,30929元/m²,2室2厅,85m²,低层(共18层),魏帅宇,旭辉华庭       嘉定-嘉定新城-高台路1333弄,近地铁
前排沿河视野好，高区景观房，一手动迁税费少，首付五成价格好谈,175万,32270元/m²,1室1厅,54m²,高层(共18层),刘忠波,翔和雅苑(三区)       嘉定-南翔-德园路1500弄,新房房源,近地铁,配套成熟
一手动迁房，高区景观房，业主主动降价30万，房型正气接受置换,230万,32643元/m²,2室1厅,70m²,高层(共26层),刘忠波,翔和雅苑(三区)       嘉定-南翔-德园路1500弄,新房房源,近地铁,配套成熟
高区景观房，小区中心位置，采光好，视野开阔，一手动迁税费少！,165万,30426元/m²,1室1厅,54m²,高层(共18层),刘忠波,翔和雅苑(三区)       嘉定-南翔-德园路1500弄,新房房源,近地铁,配套成熟
新城地铁别墅，随时看！欧式园林，法式华宅！核心地段花园露台！,500万,33333元/m²,4室3厅,150m²,共3层,刘鑫,绿地天呈       嘉定-菊园新区-嘉唐公路169弄,带花园,环境优美,交通便利
|13号线地铁口|周边大润发|新世界休闲生活广场|配套齐全|,122万,24832元/m²,2室1厅,49m²,中层(共6层),王欣,江桥新苑       嘉定-江桥-曹安公路2019弄,送车位,近地铁,配套成熟
双轨交界，毗邻梅川路商业街，景观楼层，全明户型，实房实价，急,228万,34286元/m²,2室1厅,66m²,高层(共6层),周云,丰庄四村       嘉定-丰庄-丰庄北路480弄,近地铁
马陆（11号线口）精装南北两房（未住过）繁华地区，换房急售！,235万,31126元/m²,2室2厅,75m²,中层(共18层),万嘉锋,恒大御景湾       嘉定-嘉定新城-育英南街55弄,近地铁,新房房源
嘉定新城（11号线口）不限购！精装挑高5米loft低于市场价,75万,18072元/m²,2室1厅,41m²,中层(共11层),万嘉锋,合景峰汇       嘉定-嘉定新城-天祝路555弄,近地铁,新房房源,安全性高
一手动迁，无税费，南北通透，次新小区环境好，前后无遮挡采光棒,260万,29636元/m²,2室2厅,87m²,中层(共18层),朱言杰,嘉怡坊       嘉定-江桥-海蓝路98弄,新房房源,近地铁,素质住户
近11号线 满二少税 精装小三房 业主诚意出售 保养好 急售,348万,38970元/m²,3室2厅,89m²,中层(共18层),刘金宣,中建溪岸澜庭       嘉定-南翔-德园路1259弄,拎包入住,配套成熟,品质小区
11号线地铁站 不限购 南北通面积153大平层255万，急售,245万,15705元/m²,4室2厅,156m²,高层(共22层),路秋花,新城香溢都荟(商住楼)       嘉定-嘉定老城-回城南路930弄,新房房源,交通便利,安全性高
11号线嘉定新城 不限购 无需社保 通燃气的酒店公寓  诚售,80万,17021元/m²,2室1厅,47m²,中层(共19层),叶联海,东方慧谷       嘉定-马陆-宝安公路2999号,近地铁,配套成熟,繁华地段
嘉峰汇，南翔地铁十番钟，带煤气，精装两房，诚意出售,158万,22899元/m²,2室2厅,69m²,低层(共18层),石晨,嘉峰汇财富广场       嘉定-南翔-槎溪路833弄
一梯两户，开发商装修，还不错哦，顶楼复式，随时可看，有钥匙,325万,26286元/m²,3室1厅,123m²,高层(共6层),王涛,万科柏林映像       嘉定-安亭-安勇路20弄
260万  只卖一周  先到先得,260万,31034元/m²,2室2厅,83m²,低层(共26层),许成,保利家园(南区)       嘉定-嘉定新城-高台路353弄,近地铁,近学校,安全性高
好房急售，嘉定北复试两房业主自己装修 现在降价急售看房方便,80万,14286元/m²,3室2厅,56m²,中层(共18层),付小平,嘉隆国际       嘉定-嘉定北-胜辛北路1888弄,配套成熟,交通便利,繁华地段
嘉定老城，李园二村，对口嘉一附小，交通便利，房东诚售看房随,185万,24432元/m²,3室1厅,75m²,高层(共6层),王浩男,"李园二村(西区)       嘉定-嘉定老城-李园二村21-32号,博乐路252弄4-15号",近地铁,近学校,两房朝南
一手动迁税费少，高区景观房，低于市场价20万急抛，看房钥匙,158万,29363元/m²,1室1厅,53m²,低层(共11层),刘忠波,翔和雅苑(三区)       嘉定-南翔-德园路1500弄,新房房源,近地铁,配套成熟
低首付13万丨通煤气丨送18平丨全新家电丶家具相送丨配套完善,50万,10638元/m²,2室2厅,47m²,中层(共18层),彭传凤,V6时代       嘉定-安亭-新源路155弄16号,新房房源,配套成熟,繁华地段
小区边套全明户型，四房三厅两卫，采光好，看房随时有钥匙,415.5万,26465元/m²,4室3厅,157m²,共4层,张岩,爱丽舍花园(别墅)       嘉定-嘉定老城-叶城路505弄,配套成熟,繁华地段,品质小区
新出笋盘，高区，豪华装修30万，房型稍有改动，由此变成全明。,271万,32105元/m²,2室2厅,84m²,高层(共15层),卢董事,绿地新江桥城(南区)       嘉定-江桥-金耀南路80弄,近地铁,配套成熟,次新小区
急卖 菊园实验校学，一房一厅，业主自住精装 看房方便,185万,33036元/m²,1室2厅,56m²,中层(共18层),冯少安,保利海上五月花(公寓)       嘉定-菊园新区-永靖路898弄,全南户型,采光好,房型正
丰庄产权 繁华都市 不靠马路位置安静 中间3楼 订好房子急售,231万,35316元/m²,2室1厅,65m²,中层(共6层),徐新,金沙社区       嘉定-丰庄-丰庄西路433弄,近地铁,配套成熟,繁华地段
地铁两百米 朝南阳光两房拎包入住 月租五千可包租低总价近市区,92万,30667元/m²,2室1厅,30m²,中层(共13层),姚拓,"骏丰玲珑坊       嘉定-嘉定新城-康年路208弄,康年路209弄",近地铁,配套成熟,交通便利
11号线嘉定西旁 一梯两户 开发商装修 满两年 业主置换急卖,265万,29729元/m²,3室2厅,89m²,中层(共28层),冯少安,万科金色领域(西区)       嘉定-菊园新区-秋竹路801弄1-48号,近地铁,南北通透,卫浴全明
南苑正六村 精装两房 房东别处房子已买好诚心出售，随时看房。,170万,23326元/m²,2室2厅,72m²,高层(共6层),邵海涛,"民乐社区南苑六村       嘉定-嘉定老城-裕民路265弄1-10号,福海路201弄,南苑六村",两房朝南,交通便利,繁华地段
"轨交嘉闵线,到站即到家,精装三房,超大面宽,包税，看房有钥匙",321万,27913元/m²,3室2厅,115m²,中层(共14层),张敬峰,禹洲丁香里       嘉定-曹王-树屏东路599弄,新房房源,配套成熟,环境优美
嘉定江桥  赠送20平 通燃气 拎包入住 产证齐全 降价出售,55万,13750元/m²,3室2厅,40m²,高层(共14层),彭传凤,"永和生活广场       嘉定-江桥-靖远路715号,靖远路717号",新房房源,配套成熟,安全性高
威廉公馆 稀有南北通户型 精装三房 豪华装修 观景房 视野好,398万,39500元/m²,3室2厅,100m²,中层(共20层),付亮,绿地清猗园(三期)       嘉定-南翔-德华路79弄,近地铁,客厅朝南,品质小区
丰庄十四街坊，低总价双南小两房，房东置换，诚意出售，看房随时,235万,35927元/m²,2室1厅,65m²,中层(共6层),李美刚,金沙社区       嘉定-丰庄-丰庄西路433弄,近地铁,卫浴全明,靠近花园
地铁口|唯一挑高5.5米通天然气|外地人可买|买壹层送一层|,155万,23846元/m²,2室2厅,65m²,中层(共18层),石腾遥,晶鼎大厦       嘉定-嘉定新城-白银路399号,新房房源,近地铁,环境优美
近地铁 中心花园位置 少见的边套全明户型 钥匙在手 随时看房,245万,34507元/m²,2室1厅,71m²,高层(共6层),郭马厅,"丰庄十二街坊       嘉定-丰庄-丰庄北路166弄,丰庄西路558弄,丰庄北路82弄",近地铁,配套成熟,品质小区
独.家房，满五唯.一，免.税，地铁口直达，精装两房，对口普小,265万,33388元/m²,2室2厅,79m²,低层(共11层),王月,新城金郡(一期北区)       嘉定-嘉定新城-临泽路189弄,近地铁,繁华地段,品质小区
缘圆宝坻，满五唯 一，正气户型，电梯中间楼层，万达地 铁房！,305万,41390元/m²,2室2厅,73m²,高层(共6层),华云燕,金沙缘圆宝邸       嘉定-江桥-金园一路1359弄1-69号,近地铁,新房房源,房型正
地铁小区，实勘房源电梯6楼，全南采光好，靠公园低总价动迁无税,258万,34677元/m²,2室2厅,74m²,中层(共11层),华云燕,水岸金桥苑       嘉定-江桥-鹤霞路555弄,新房房源,次新小区,交通便利
尚品公寓 通燃气 精装 没人住过 58平 近白银路地铁 急售,100万,19231元/m²,2室2厅,52m²,低层(共22层),范法亮,尚品       嘉定-嘉定新城-白银路311弄,近地铁,配套成熟,繁华地段
11号线400米，精装修复式房，外地户籍可买可上学，租金四千,60万,12000元/m²,2室2厅,50m²,高层(共15层),王文俊,V6时代       嘉定-安亭-新源路155弄16号,近地铁,配套成熟,繁华地段
近 地铁 婚装两房 无需社保外地可买 送车位租金四千业主急售,130万,22807元/m²,2室2厅,57m²,中层(共12层),牛成磊,永翔新苑       嘉定-南翔-众仁路388弄,近地铁,近学校,配套成熟
11号线地铁口）无需社保不限贷）租金4800）精装2房通燃气,68万,20000元/m²,2室1厅,34m²,中层(共12层),李园,光明D9空间       嘉定-嘉定新城-天祝路377弄
外冈新苑 低总价急售 精装大两房 对口校区 有产证可过户,180万,19151元/m²,2室2厅,93m²,中层(共6层),冯少安,外冈新苑       嘉定-外冈-恒飞路489弄,南北通透,厅带阳台,拎包入住
地铁500米，全江桥中介都在找这套房子，老房东独自委托我。,270万,35899元/m²,2室2厅,75m²,高层(共13层),叶伟军,水岸金桥苑       嘉定-江桥-鹤霞路555弄,新房房源,近地铁,繁华地段
南北通户型 精装修 厅朝南带阳台 家具家电全送 看房随时！,272万,33456元/m²,2室2厅,81m²,中层(共6层),王谦,丰庄十四街坊       嘉定-丰庄-丰庄西路551弄,近地铁,一梯两户,交通便利
低总价的别墅哪里找，来首创旭辉，房东急售，税费各付,408万,29565元/m²,4室2厅,138m²,共3层,周玉娟,首创旭辉城(别墅)       嘉定-嘉定北-汇源路518弄,配套成熟,繁华地段,品质小区
合景峰汇 精装两房 朝南,90万,17571元/m²,2室2厅,51m²,低层(共20层),范法亮,合景峰汇       嘉定-嘉定新城-天祝路555弄,近地铁,配套成熟,繁华地段
合景峰汇，精装修，复式公寓，业主急售，宝龙广场边上。,100万,18182元/m²,2室1厅,55m²,低层(共20层),颜余倩,合景峰汇       嘉定-嘉定新城-天祝路555弄,近地铁,配套成熟,繁华地段
城区小户型电梯房 精装修 可落户可贷款 诚心卖,160万,23884元/m²,2室1厅,66m²,高层(共16层),王东梅,高层小区       嘉定-嘉定老城-清河路100弄,新房房源
得房率高，实景拍摄，前后无遮挡，南北通透，带20平花园,360万,40377元/m²,3室2厅,89m²,低层(共18层),方笑银,中建溪岸澜庭       嘉定-南翔-德园路1259弄
房东急售，楼下地铁，对面万达，性价比高，楼层好，采光佳,298万,32206元/m²,2室2厅,92m²,高层(共36层),王月,中信泰富又一城(一期)       嘉定-嘉定新城-云屏路388弄,近地铁,繁华地段,品质小区
房子为2014年房龄小区物业为2.3元每平方 小区管理严格,245万,26630元/m²,3室2厅,92m²,高层(共18层),冯少安,旭辉锦庭       嘉定-菊园新区-胜竹路1399号,南北通透,厅带阳台,拎包入住
11号线安亭，繁华地段，外地人可买，精装拎包入住，首付15万,58万,10000元/m²,2室2厅,58m²,高层(共22层),冯建辉,V6时代       嘉定-安亭-新源路155弄16号,近地铁,配套成熟,繁华地段
"首创旭辉城,次新小区, 天华学院旁,房东置换,急售，看房随时",188万,25337元/m²,2室2厅,74m²,高层(共17层),冯少安,首创旭辉城(别墅)       嘉定-嘉定北-汇源路518弄,全南户型,厅带阳台,拎包入住
11号线地铁200米，不限购，精装复式，挑高5.5米，通燃气,58万,12889元/m²,2室2厅,45m²,中层(共16层),肖东亚,利金国际       嘉定-丰庄-曹安公路1615号,新房房源,近地铁,配套成熟
[新]嘉定马陆地铁口可重餐饮商铺，小面积低总价，铺铺通煤气！,210万,30000元/m²,2室1厅,70m²,低层(共22层),万琼,深城投十一街区       嘉定-嘉定新城-阿克苏路66弄,新房房源
精装修，电梯房，一梯二户，对口同济，随时可看，业主急售，,258万,23438元/m²,2室2厅,110m²,高层(共6层),王涛,万科柏林映像       嘉定-安亭-安勇路20弄,一梯两户,送车位,品质小区
近 地铁学校外地可买 无需社保 精装三房 带车位 租金四千,115万,16429元/m²,3室2厅,70m²,高层(共8层),李月超,左岸香堤       嘉定-嘉定新城-德富路1211号,近地铁,配套成熟,繁华地段
低总价  刚需首 选  紧靠梅川路步行街 生活配套齐全！！,145万,33037元/m²,1室1厅,43m²,中层(共6层),郭马厅,丰庄四村       嘉定-丰庄-丰庄北路480弄,近地铁,繁华地段,品质小区
次新小区，精装修，靠近地铁口，万达商圈，总价低于市场价。,270万,33478元/m²,2室2厅,80m²,高层(共11层),叶伟军,泰宸沙河茗苑       嘉定-江桥-爱特路68弄,近地铁,新房房源,繁华地段
首付10万落沪上海，南翔一室户，70年产权住宅，可上名校急售,51万,26842元/m²,1室1厅,19m²,低层(共18层),罗家敏,五一新村       嘉定-南翔-古猗园路158弄,近地铁,近学校
方舟时代广场，首付20万，11号地铁口嘉定北  精装不限购,64万,14222元/m²,2室1厅,45m²,中层(共18层),彭传凤,方舟时代广场       嘉定-戬浜-澄浏中路3128弄,新房房源,拎包入住,繁华地段
11号线马陆（恒大品质小区）精装三房南北通 楼层采光好 急售,295万,32065元/m²,3室2厅,92m²,低层(共18层),万南兵,恒大御景湾       嘉定-嘉定新城-育英南街55弄,近地铁,新房房源,配套成熟
11号线地铁口精装修公寓从未住过人通燃气税费个付,90万,18750元/m²,2室1厅,48m²,中层(共22层),宋宏伟,红土天阶       嘉定-嘉定老城-叶城路1500弄,新房房源,配套成熟,繁华地段
紧邻地铁， 配套成熟，拎包入住，采光充足，房东诚意，看房方便,285万,38733元/m²,2室2厅,73m²,中层(共13层),沈祖进,水岸金桥苑       嘉定-江桥-鹤霞路555弄,近地铁,素质住户,繁华地段
西南边套。临近地铁。随时可以看房。真实图片。急售急售急售。。,150万,29803元/m²,1室1厅,50m²,高层(共12层),刘成朽,旭辉U天地       嘉定-南翔新城-宝翔路158弄,近地铁,新房房源,配套成熟
VR实景视频看房~两房朝南~总价只要280万~出门地铁口~急,280万,40757元/m²,2室1厅,68m²,低层(共6层),郭清,嘉美坊       嘉定-丰庄-铜川路2288弄,两房朝南,远离马路,采光好
上海产权外地人无需社保，精装修送家具带地下车位，可落户可上学,110万,23913元/m²,2室2厅,46m²,低层(共14层),姚显峰,嘉峰汇财富广场       嘉定-南翔-银翔路888弄
11号线地铁口（金地品质豪宅）精装两房南北通 税费各付 急售,282万,34390元/m²,2室2厅,82m²,低层(共19层),周志浩,金地世家       嘉定-嘉定新城-合作路199弄,新房房源,近地铁,配套成熟
新出店长推 荐太屋聚集 普通住宅 满五无税  边套全明,305万,37497元/m²,3室2厅,81m²,中层(共6层),黄万强,丰庄十四街坊       嘉定-丰庄-丰庄西路551弄,近地铁,配套成熟,繁华地段
嘉定城区 秋霞公寓 高品质普小學區 精装大两房 随时看房,255万,34256元/m²,2室1厅,74m²,中层(共6层),王浩男,秋霞公寓       嘉定-嘉定老城-东大街250弄,两房朝南,一梯两户,近地铁
地势好 阳光好 全明户型 小区环境好 实际面积大 性价比高,326万,35450元/m²,2室2厅,91m²,高层(共32层),冯富祥,新城金郡(一期北区)       嘉定-嘉定新城-临泽路189弄,近地铁,配套成熟,品质小区
精装公寓不限购，双轨交江桥地铁口，出租市场租金高达6K！,55万,13750元/m²,2室2厅,40m²,中层(共11层),郭雨,"永和生活广场       嘉定-江桥-靖远路715号,靖远路717号",新房房源,近地铁,配套成熟
嘉定核心商圈无需社保丨地铁口送新装修丨产证清晰交易丨高租金,68万,13600元/m²,3室2厅,50m²,低层(共17层),冯军龙,V6时代       嘉定-安亭-新源路155弄16号,南北通透
再次价变，诚心业主，价格真实，小区中心位置，看房有钥匙。,283万,36125元/m²,2室2厅,78m²,中层(共18层),卢董事,金沙鼎苑       嘉定-江桥-金耀路555弄,新房房源,房型正,次新小区
地铁11号线嘉定站300米，精装修复式房送一层，业主急售,54万,12000元/m²,2室1厅,45m²,低层(共28层),李明凯,利金国际       嘉定-丰庄-曹安公路1615号,近地铁,配套成熟,繁华地段
小面积40平米 只要50万 精装修 告别蜗居 告别租房时代,50万,14286元/m²,2室1厅,35m²,高层(共27层),叶联海,嘉领国际       嘉定-嘉定新城-沪宜公路3128号,近地铁,配套成熟,繁华地段
三房精装修，领包入住，户型南北通透，户型正气房东自住随时看！,380万,41516元/m²,3室1厅,91m²,中层(共11层),项冬梅,金鹤新城中房公寓       嘉定-江桥-金耀路333弄,近地铁,主卧朝南,南北通透
业主为了卖房专门空置了房子，非常诚意出售，房能看中价格都好谈,315万,40877元/m²,2室1厅,77m²,中层(共15层),黄虎,绿地新江桥城(南区)       嘉定-江桥-金耀南路80弄,近地铁,次新小区,素质住户
白银路地铁站 南北通大三房 随时看房满五唯一带车位 欢迎看房,440万,35839元/m²,3室2厅,122m²,低层(共11层),黄二锐,新城金郡(二期南区)       嘉定-嘉定新城-云屏路1399弄,主卧朝南,卫浴全明,开放厨房
绿洲香格丽花园别墅边套带150平院子4层带电梯，354.7平,830万,23400元/m²,5室4厅,354m²,共4层,唐晓祥,绿洲香格丽花园(别墅)       嘉定-曹王-启悦路358弄,配套成熟,环境优美,低密度
嘉定新城 保利家园 单价这么低的两房 预购从速 错过就没有了,255万,30437元/m²,2室2厅,83m²,低层(共26层),黄二锐,保利家园(北区公寓)       嘉定-嘉定新城-洪德路333弄,近地铁,繁华地段,品质小区
（外地人不用社保能买）70年产权，精装全配，11号地铁电联看,50万,15152元/m²,2室2厅,33m²,中层(共12层),吴海迪,底特律财富天地(北楼)       嘉定-安亭-曹安公路5616号
地铁口，送精装修，性价比高，近菜市场，配套齐全，采光好，急售,280万,40757元/m²,2室1厅,68m²,中层(共6层),罗涛,嘉美坊       嘉定-丰庄-铜川路2288弄,近地铁,配套成熟,品质小区
11号线地铁口（恒大品质豪宅）精装两房南北通 税费少 急售！,280万,34146元/m²,2室2厅,82m²,中层(共17层),万南兵,恒大御景湾       嘉定-嘉定新城-育英南街55弄,近地铁,新房房源,配套成熟
金地收官之作，买此房，送房间，两房价格买三房，近地铁。,380万,41571元/m²,3室2厅,91m²,高层(共21层),程伟,格林公馆       嘉定-南翔新城-芳林路951弄,近地铁,靠近花园,品质小区
实际成交价，业主到手1195万，纯沿河别墅，没有之一超赞户型,1195万,33662元/m²,4室2厅,355m²,共3层,岳刘杰,"保利天鹅语苑(一期别墅)       嘉定-嘉定新城-洪德路1280弄,洪德路1380弄",近地铁,配套成熟,繁华地段
对口南翔小学，南北通透户型方正，得房率高先到先得诚意卖,235万,32639元/m²,2室1厅,72m²,低层(共6层),孙磊,德华一村       嘉定-南翔-德华路316弄,近地铁,近学校
（11号线地铁产权70年住宅）外地人可买首付25万l看房电联,80万,18605元/m²,2室2厅,43m²,高层(共6层),罗家敏,竹桥新村       嘉定-江桥-黄家花园路
新鲜实景房!D9空间 精装复式 中区朝南2房 首付低,162万,25384元/m²,2室1厅,63m²,中层(共18层),高妩媚,光明D9空间       嘉定-嘉定新城-天祝路377弄
卢尔公寓 近11号地铁满五年 送车位 位置好 采光好 景观房,540万,42871元/m²,3室2厅,125m²,高层(共18层),孙磊,卢尔公寓       嘉定-南翔新城-芳林路333弄,新房房源,近地铁,环境优美
阳光城新界2室1厅290.00万元难得的好户型急售,290万,35882元/m²,2室1厅,80m²,高层(共27层),黄二锐,"阳光城新界       嘉定-嘉定新城-白银路518弄,德富路1388弄",近地铁,配套成熟,品质小区
皇府别墅，产证面积，318占地一亩可以推到重建，真实价格,1200万,37736元/m²,6室4厅,318m²,共3层,李芳芳,皇府别墅       嘉定-江桥-曹安公路2795号
绿地新江桥城精装修送家电好楼层看房有钥匙配套齐全,248万,32104元/m²,2室2厅,77m²,中层(共15层),袁庆国,绿地新江桥城(东区)       嘉定-江桥-金耀南路300弄,近地铁,新房房源
嘉定新城德富路学从未住过人精装复式送地下室和花园,340万,37412元/m²,3室2厅,90m²,低层(共14层),宋宏伟,新城香溢璟庭(一期)       嘉定-嘉定新城-依玛路389弄,新房房源,小区中心,配套成熟
新上房源，假一赔十，无税，样板房装修全送，随时好看，照片实拍,215万,25294元/m²,2室2厅,85m²,低层(共18层),许伟伟,河畔艺墅(别墅)       嘉定-外冈-恒荣路388弄,次新小区,素质住户,品质小区
景观大平层 二次买进税费低 满2年 接受置换 钥匙房随时交房,655万,37441元/m²,4室2厅,174m²,中层(共10层),张龙,森林公馆(西区)       嘉定-南翔新城-栖林路425弄,环境优美,繁华地段,品质小区
格林公馆边套小三房，有个小房间不计面积，精装送家具，到价签字,398万,43540元/m²,3室2厅,91m²,中层(共18层),孙磊,格林公馆       嘉定-南翔新城-芳林路951弄,近地铁
急售，直降80万，龙湖蔚澜香醍，产证324平，装修200多万,1088万,34322元/m²,5室3厅,317m²,共3层,叶联海,龙湖蔚澜香醍(南区别墅)       嘉定-嘉定新城-云谷路1288弄,新房房源,联排别墅,带花园
大众春盛苑新装修一年业主置换诚意出售 家具家电全送 满五年,180万,28427元/m²,2室1厅,63m²,中层(共11层),查文军,大众春盛苑       嘉定-安亭-嘉松北路7222弄,近学校,新房房源,卫浴全明
不限购 宝龙广场 合景峰汇，精装全配，复式公寓，业主急售，,100万,18116元/m²,2室1厅,55m²,高层(共20层),马祥雨,合景峰汇       嘉定-嘉定新城-天祝路555弄,近地铁,新房房源,配套成熟
南翔银翔湖旁低于市场价30万，家具家电可全搜谱成售,360万,44313元/m²,2室2厅,81m²,低层(共18层),孙磊,季景铭郡       嘉定-南翔-古猗园南路355弄,近地铁
11号线白银路站，交大对面。华二附近。中福会跟前，普小门口,898万,43382元/m²,4室2厅,207m²,共1层,叶联海,保利天鹅语苑(二期别墅)       嘉定-嘉定新城-城固路1331弄,近地铁,环境优美,低密度
急!急!急79.09平精装公寓(小区房)正南急售 随时看房!,265万,33506元/m²,2室2厅,79m²,低层(共11层),黄二锐,新城金郡(一期北区)       嘉定-嘉定新城-临泽路189弄,安全性高,繁华地段,品质小区
地铁品质三房，随时入住，急售带车位，旁边呢印象城急售，随时看,390万,43707元/m²,3室2厅,89m²,中层(共21层),孙磊,格林公馆       嘉定-南翔新城-芳林路951弄,近地铁
菊园新区，御江金都，对口实验小，精装修满二，看房打电话！！,300万,35714元/m²,2室2厅,84m²,高层(共18层),邵海涛,御江金都(一期)       嘉定-菊园新区-嘉唐公路88弄,两房朝南,厅带阳台,靠近花园
业主直降20万，对口上师大，带固定车位，免祱房源，看房随时。,195万,27083元/m²,2室1厅,72m²,低层(共6层),孙磊,"漪园新村       嘉定-南翔-火车站路185弄,火车站路121弄,火车站路151弄"
业主直降40万，欢迎订 购，房东已跟我们定好房子 必卖房,379万,37957元/m²,2室2厅,99m²,低层(共27层),程伟,华润中央公园(二期)       嘉定-南翔新城-陈翔公路1588弄,安全性高,繁华地段,品质小区
嘉宝小区正气大两房，急售房源，带车位，看房随时，价格可谈,248万,31795元/m²,2室1厅,78m²,低层(共6层),孙磊,嘉宝小区       嘉定-南翔-古猗园路600弄,近地铁,近学校,房型正
徐汇地铁11号线，陈翔路站400米，新房无税，内部房源,480万,40000元/m²,3室2厅,120m²,低层(共15层),陶爱莉,"湖畔天下(公寓)       嘉定-南翔新城-瑞林路800弄,瑞林路1280弄",近地铁,环境优美,交通便利
德华一村，两室一厅，近地铁11号线，降价40万，送20万装修,210万,33778元/m²,2室1厅,62m²,中层(共6层),孙磊,德华一村       嘉定-南翔-德华路316弄,近地铁,近学校,采光好
新上房源，假一赔十，实图实价，家电家具全送，随时看房，无税,220万,25000元/m²,3室2厅,88m²,低层(共18层),许伟伟,河畔艺墅(公寓)       嘉定-外冈-恒荣路388弄,环境优美,次新小区,品质小区
捡漏的机会到了，房东急售低于市场价50万，满5唯一，买到就挣,218万,24246元/m²,2室2厅,89m²,中层(共14层),王涛,钜凯馨园       嘉定-嘉定老城-和政路885弄,新房房源
11号线地铁口，万达对面，精装复式，通燃气，业主置换诚意出售,95万,21111元/m²,2室1厅,45m²,高层(共16层),叶联海,绿地卡米公社       嘉定-嘉定新城-云谷路279弄,近地铁,配套成熟,繁华地段
好房子，莱英北郡洋房大平层南北双露台 同济大学门口,380万,29079元/m²,3室2厅,130m²,低层(共18层),查文军,莱英北郡(公寓)       嘉定-安亭-玉麦路388弄
保利天鹅语，附送50平米阁楼，可改4房，人车分流，对口普小,285万,35523元/m²,2室2厅,80m²,高层(共18层),王月,保利天鹅语苑(一期公寓)       嘉定-嘉定新城-洪德路1380弄,近地铁,繁华地段,品质小区
中建地铁口精装修21三房，南北通透，保养好，预约看房,385万,43865元/m²,3室2厅,87m²,低层(共18层),董亚超,中建溪岸澜庭       嘉定-南翔-德园路1259弄,南北通透,中国风,近地铁
金地格林公馆，稀有户型，满5唯一精装修大三房，南向别墅景观,540万,42399元/m²,3室2厅,127m²,低层(共17层),孙磊,格林公馆       嘉定-南翔新城-芳林路951弄,近地铁
地铁两百米 朝南阳光两房拎包入住 精装loft月租4千可包租,83万,16939元/m²,2室2厅,49m²,中层(共12层),姚拓,嘉正国际大厦       嘉定-安亭-墨玉路28号,配套成熟,交通便利,繁华地段
瑞金医院对面小区不限购精装2房带车位有中央空调近11号线,85万,17347元/m²,2室1厅,49m²,中层(共18层),朱翠萍,合景理想家       嘉定-嘉定新城-希望路978弄,新房房源,拎包入住,近地铁
新上笋盘房源，精装修全配，紧邻地铁，配套成熟，出门方便,68万,12364元/m²,2室2厅,55m²,中层(共27层),许伟伟,嘉隆国际       嘉定-嘉定北-胜辛北路1888弄,近地铁,配套成熟,品质小区
拜访实地拍摄！业主急售，接受6个月首付，看房钥匙，价格可谈,255万,34459元/m²,2室2厅,74m²,中层(共6层),黄万强,丰庄十四街坊       嘉定-丰庄-丰庄西路551弄,近地铁,配套成熟,繁华地段
金地卢尔公寓精装修三房近南翔地铁站送车位送家电房东诚心出售,540万,43412元/m²,3室2厅,124m²,高层(共18层),孙磊,卢尔公寓       嘉定-南翔新城-芳林路333弄,新房房源,近地铁,配套成熟
保利集团 旗舰之作 房东含泪出售 这个价格错过就没有！！！,260万,31034元/m²,2室2厅,83m²,低层(共26层),黄二锐,保利家园(南区)       嘉定-嘉定新城-高台路353弄,近地铁,近学校,配套成熟
"嘉宝紫提湾品质小区,位置安静,采光无敌,看房方便,诚心急售！",260万,33087元/m²,1室2厅,78m²,中层(共18层),官武寅,嘉宝紫提湾(公寓)       嘉定-嘉定新城-德立路88弄,配套成熟,交通便利,繁华地段
嘉定北精装复试 业主买进没住过相当于一手次新房 看房方便可谈,65万,16250元/m²,1室1厅,40m²,中层(共18层),付小平,中茂世纪       嘉定-嘉定北-汇源路218弄,配套成熟,交通便利,繁华地段
11号线地铁口，无社保可买，4.8米挑高 看房方便,45万,9375元/m²,2室2厅,48m²,中层(共23层),严宜山,V6时代       嘉定-安亭-新源路155弄16号,新房房源,南北通透,繁华地段
地铁口）不限购不限贷）水电煤全通）月租金5千）送家具家电,148.3万,30892元/m²,1室1厅,48m²,高层(共12层),姚显峰,"民东公寓       嘉定-南翔-民主东街151弄,民主东街27弄,民主东街62弄,古猗园路350弄,民主东街87弄,民主东街16弄"
11号线地铁口（恒大品质豪宅）精装三房南北通 低于市场价！,295万,33146元/m²,3室2厅,89m²,中层(共16层),周志浩,恒大御景湾       嘉定-嘉定新城-育英南街55弄,近地铁,新房房源,配套成熟
11号线地铁200米丨精装修送18平丨有产证有钥匙可随时看房,45万,14516元/m²,2室2厅,31m²,中层(共16层),姚显峰,底特律财富天地(北楼)       嘉定-安亭-曹安公路5616号
江桥二村，少有户型，满五唯一，有钥匙，随时看,170万,37778元/m²,1室1厅,45m²,中层(共6层),李南,"江桥二村二街坊       嘉定-江桥-曲江路185弄,丰江路128弄"
小区唯一一套高品质小区正气户型，南北通透，送大阳台诚意出售,282万,38843元/m²,2室2厅,72m²,低层(共6层),邓陈娟,金鹤新城金霞苑       嘉定-江桥-鹤霞路111弄,近地铁,配套成熟,交通便利
11号线地铁（龙湖郦城）精装三房南北通 房东低于市场价出售,298万,32043元/m²,3室2厅,93m²,低层(共27层),万南兵,龙湖郦城(188弄)       嘉定-嘉定新城-云屏路188弄,新房房源,近地铁,配套成熟
白银路地铁站繁华地段 复式精致户型 即买即住 看房随时,85万,22427元/m²,2室2厅,37m²,中层(共18层),徐金辉,"新城金郡M11金座       嘉定-嘉定新城-云屏路1520弄31号,高台路1459号",近地铁,繁华地段,品质小区
11号地铁马陆站 下来就到家 满两年 精装修三房 实用性很强,345万,38856元/m²,3室2厅,88m²,低层(共18层),叶联海,佳兆业1号       嘉定-嘉定新城-康丰路201弄,近地铁,繁华地段,品质小区
11号线地铁口900米，首付26万精装1房，可用公积金，急售,84万,15273元/m²,1室1厅,55m²,中层(共12层),毛培东,兰棠佳苑       嘉定-安亭-曲惠路520弄,小户型,送车位,近地铁
"不限购.11号地铁口,低总价 家具家电全配 诚心甩卖",49万,9800元/m²,2室2厅,50m²,中层(共13层),冯军龙,V6时代       嘉定-安亭-新源路155弄16号,配套成熟,素质住户,安全性高
底价34w，外地人可买，不限购，房东急售，附赠家具家电！,44万,9362元/m²,2室2厅,47m²,中层(共18层),苏佳欣,V6时代       嘉定-安亭-新源路155弄16号,南北通透,近地铁,配套成熟
11号线地铁口，买一c送一层，底价40w，外地人可买！,45万,9395元/m²,2室2厅,47m²,中层(共19层),苏佳欣,V6时代       嘉定-安亭-新源路155弄16号,南北通透,近地铁,配套成熟
央企高品质住宅，全屋中央空调地暖，保养如新，满两年，近五彩城,488万,48873元/m²,2室2厅,99m²,低层(共29层),游特,华润中央公园(二期)       嘉定-南翔新城-陈翔公路1588弄,配套成熟,繁华地段,品质小区
一梯两户，采光好，小区铂金位置，业主诚售，看房方便,325万,32861元/m²,2室2厅,98m²,高层(共6层),宋崇祥,嘉善坊       嘉定-丰庄-铜川路2285弄,一梯两户,小区中心,近地铁
"电梯花园洋房 近地铁 印象城旁 送豪装80万！接受置换,急售",638万,51723元/m²,4室2厅,123m²,中层(共8层),游特,中建溪岸澜庭       嘉定-南翔-德园路1259弄,配套成熟,繁华地段,品质小区
安亭苏河源实价房，近11号线，对口同济中小学，精装三房采光好,280万,31236元/m²,3室2厅,89m²,中层(共26层),杨振宇,绿地海域苏河源(二期公寓)       嘉定-安亭-博园路8155弄,近地铁,配套成熟,环境优美
瑞金医院对面小区不限购精装2房带车位有中央空调近11号线,85万,17347元/m²,2室1厅,49m²,中层(共18层),朱翠萍,合景理想家       嘉定-嘉定新城-希望路978弄,新房房源,拎包入住,近地铁
新上笋盘房源，精装修全配，紧邻地铁，配套成熟，出门方便,68万,12364元/m²,2室2厅,55m²,中层(共27层),许伟伟,嘉隆国际       嘉定-嘉定北-胜辛北路1888弄,近地铁,配套成熟,品质小区
旭辉白银路地铁口200米交通便利 配套成熟 随时看房诚心售,270万,36029元/m²,2室2厅,74m²,低层(共18层),赵艳娜,旭辉华庭       嘉定-嘉定新城-高台路1333弄,近地铁,配套成熟,交通便利
低于市场价100万，地铁走路500米。,350万,29138元/m²,3室2厅,120m²,低层(共20层),马龙,嘉海雅苑(西区)       嘉定-江桥-嘉峪关路379弄
小区在售总价醉底，房东急售低于市场价20万，买到就是赚到！,398万,46818元/m²,2室2厅,85m²,中层(共21层),程伟,华润中央公园(二期)       嘉定-南翔新城-陈翔公路1588弄,近地铁,安全性高,品质小区
嘉定11号线地铁口，即买即租置换2次降价急售，随时看房,48万,9796元/m²,2室2厅,49m²,高层(共11层),彭传凤,V6时代       嘉定-安亭-新源路155弄16号,新房房源,配套成熟,繁华地段
精装套三双卫，南北正通双阳台，采光很棒，可以直接拎包入住,84万,16154元/m²,3室2厅,52m²,中层(共17层),王文俊,方宝佳苑       嘉定-方泰-泰富路236弄,新房房源,近地铁,配套成熟
急售急售大融城万达地铁口，该有的都有，一手动迁无税，价格好谈,272万,29675元/m²,2室2厅,91m²,中层(共27层),朱翠萍,枫树林景苑(北区)       嘉定-嘉定新城-封周路508弄,房型正,近地铁,繁华地段
水岸秀苑 精装修 实房实价,290万,38667元/m²,2室2厅,75m²,高层(共6层),王莉萍,水岸秀苑       嘉定-江桥-鹤璇路500弄,一梯两户,近地铁,交通便利
地铁11号线安亭站丨产证齐全丨租金5200丨超高得房率丨钥匙,84万,16800元/m²,2室2厅,50m²,共1层,罗家敏,嘉正国际大厦       嘉定-安亭-墨玉路28号
客户置换，诚心诚意，满五唯一，货实，不虚假有房子自拍视频,230万,27711元/m²,3室1厅,83m²,高层(共6层),张震,泰宸家园       嘉定-曹王-新建一路1658弄,两房朝南,位置安静,配套成熟
万达广场旁，随时看房，交通便利,465万,40789元/m²,4室2厅,114m²,高层(共25层),赵艳娜,龙湖郦城(西区别墅)       嘉定-嘉定新城-双单路1509弄,视野好,交通便利,品质小区
新出儿子6.1结婚置换卖房子 房东送产权车位 不接受置换客户,289万,38503元/m²,2室2厅,75m²,中层(共8层),黄万强,丽景新苑       嘉定-丰庄-丰庄路268弄,近地铁,近学校,配套成熟
房东急售，万达广场旁，小区环境好，看房方便,370万,41573元/m²,2室2厅,89m²,高层(共29层),赵艳娜,龙湖郦城(西区公寓)       嘉定-嘉定新城-双单路1509弄,非底楼,视野好,品质小区
新城香溢璟庭，德富路小学旁，精装修拎包入住，房东诚心销售,345万,37073元/m²,3室2厅,93m²,中层(共14层),赵艳娜,新城香溢璟庭(一期)       嘉定-嘉定新城-依玛路389弄,非顶楼,拎包入住,配套成熟
嘉定新城万达马上开业了 这套房子买到就是赚到性价比超高好楼,288万,33882元/m²,2室2厅,85m²,中层(共20层),缪亮亮,绿地秋霞坊(公寓)       嘉定-嘉定新城-双单路999弄,近地铁
精装510.00万  不曾入住  是你追求生活品质的选择！,510万,39382元/m²,3室2厅,129m²,高层(共30层),高妩媚,东方豪园(别墅)       嘉定-嘉定新城-封周路255弄,近学校,安全性高,繁华地段
龙湖高品质小区 人车分流绿化好这个价格不接受置换客户着急卖,430万,37733元/m²,4室2厅,113m²,高层(共27层),高妩媚,龙湖郦城(西区公寓)       嘉定-嘉定新城-双单路1509弄,配套成熟,繁华地段,品质小区
好世广场天马晶座丨不限贷丨精装修复式公寓丨月租金五千,104万,20800元/m²,1室1厅,50m²,中层(共18层),朱翠萍,好世广场天马晶座       嘉定-嘉定新城-崇文路11号
送40平院子 双南全明两房 紧靠13号线丰庄站 出行方便,280万,32634元/m²,2室1厅,85m²,低层(共6层),黄万强,"丰庄十二街坊       嘉定-丰庄-丰庄北路166弄,丰庄西路558弄,丰庄北路82弄",近地铁,配套成熟,繁华地段
润渡佳苑小区中心位置 业主置换宝山 户型方正 采光无遮挡,150万,28436元/m²,1室2厅,52m²,中层(共6层),查文军,润渡佳苑(西区)       嘉定-安亭-春荣路799弄,客厅朝南,远离马路,品质小区
白菜价。保利家园。84平。满五唯一。精装两室。配套齐全，急售,255万,30437元/m²,2室2厅,83m²,中层(共18层),范法亮,保利家园(北区公寓)       嘉定-嘉定新城-洪德路333弄,近地铁,配套成熟,品质小区
丰庄十二街坊 修全明双南两房 家具家电全送 看房随时,263万,36528元/m²,2室1厅,72m²,低层(共6层),黄万强,"丰庄十二街坊       嘉定-丰庄-丰庄北路166弄,丰庄西路558弄,丰庄北路82弄"
玉兰一村  一楼带阳光房  采光好  户型好  随时看房,180万,27692元/m²,2室2厅,65m²,低层(共6层),罗贵生,玉兰一村       嘉定-安亭-墨玉路164弄1-87号,近地铁,近学校
精装修拎包入住，随时看房，配套齐全,345万,37073元/m²,3室2厅,93m²,中层(共14层),赵艳娜,新城香溢璟庭(一期)       嘉定-嘉定新城-依玛路389弄,拎包入住,环境优美,品质小区
舒适生活选华润，送30万精装修，近陈翔路地铁站，周边配套齐全,380万,44701元/m²,2室2厅,85m²,高层(共21层),张龙,华润中央公园(二期)       嘉定-南翔新城-陈翔公路1588弄,配套成熟,繁华地段,品质小区
上海院子，联排别墅，现房！超附赠大花园！保留户型，新房无税！,380万,25333元/m²,4室3厅,150m²,共3层,朱翠萍,路劲上海庄园(别墅)       嘉定-外冈-恒荣路589弄,新房房源,拎包入住,近地铁
房东降价大甩卖，送车位，送10年物业费，房东说了，看中还可谈,355万,40364元/m²,2室2厅,87m²,中层(共21层),程伟,上隽嘉苑(公寓)       嘉定-南翔新城-宝翔路998弄,近学校,安全性高,繁华地段
热炉新上！正气180度免费露台，追加30平米面积，一年一出！,380万,47643元/m²,2室2厅,79m²,低层(共18层),张龙,格林公馆       嘉定-南翔新城-芳林路951弄,近地铁,配套成熟,繁华地段
小区自带公园，视野开阔，满五年唯一税费少，户型正气看房很方便,346万,39679元/m²,2室2厅,87m²,低层(共18层),孙磊,高尔夫公馆       嘉定-南翔新城-栖林路265弄
VR720度全景拍摄 真实在售 多层2楼 随时可看 新上房源,270万,38028元/m²,2室2厅,71m²,低层(共6层),黄万强,"丰庄十二街坊       嘉定-丰庄-丰庄北路166弄,丰庄西路558弄,丰庄北路82弄",近地铁,配套成熟,繁华地段
新城地铁旁花园洋房，顶楼复式，送车位，有钥匙随时看房，急售！,550万,38850元/m²,4室2厅,141m²,高层(共7层),官武寅,新城香溢璟庭(一期)       嘉定-嘉定新城-依玛路389弄,配套成熟,交通便利,繁华地段
VR720度全景拍摄 满五 真实在售 价值房 随时看,278万,34321元/m²,2室2厅,81m²,中层(共6层),黄万强,丰庄十四街坊       嘉定-丰庄-丰庄西路551弄,近地铁,配套成熟,繁华地段
嘉宝小区，房东置换直接30万，首付好价格还可谈，置换急售,200万,27397元/m²,2室1厅,73m²,低层(共6层),孙磊,嘉宝小区       嘉定-南翔-古猗园路600弄,近地铁,近学校
外地人不用社保可买，70年产权，可用公积金，地铁300米可谈,80万,19048元/m²,2室2厅,42m²,中层(共11层),吴海迪,安亭新镇雅苑       嘉定-安亭-安礼路258弄,近地铁,配套成熟,繁华地段
精装修家具家电全送 带产权车位 满五唯一税少 接受八个月置换,356万,40524元/m²,2室2厅,87m²,低层(共27层),游特,森林公馆(西区)       嘉定-南翔新城-栖林路425弄,配套成熟,繁华地段,品质小区
新挂牌南北户型 高区景观位置 满五唯一税少 带产权车位 急抛,340万,38915元/m²,2室2厅,87m²,中层(共27层),游特,森林公馆(东区)       嘉定-南翔新城-栖林路468弄,近地铁,近学校,配套成熟
合景峰汇朝南半挑空 不限购豪华装 拎包入住 错过不在有,85万,17779元/m²,2室1厅,47m²,中层(共20层),肖将,合景峰汇       嘉定-嘉定新城-天祝路555弄,近地铁,繁华地段
带电梯联排边套豪装别墅，带产权独立车库，你梦寐以求的家！,1850万,45906元/m²,5室4厅,403m²,共3层,杨俭,华润中央公园(一期南区别墅)       嘉定-南翔新城-芳礼路99弄,拎包入住,近地铁,环境优美
"绿地大两房,一房价格买两房,急售随时方便看，对面是南翔地铁站",334万,38689元/m²,2室2厅,86m²,低层(共18层),游特,绿地清猗园(三期)       嘉定-南翔-德华路79弄,近地铁,配套成熟,繁华地段
真|实|担|保|房|源，赠30平米天井，可改三房，满五年惟一,225万,28125元/m²,2室1厅,80m²,低层(共6层),贾雨丰,嘉宝小区       嘉定-南翔-古猗园路600弄,近地铁,近学校,送家电
地铁11号线丨挑高5.5米精装修丨拎包入住丨产证齐全丨可过户,57万,21518元/m²,1室1厅,26m²,共1层,吴书华,MAX未来       嘉定-江桥-嘉涌路99弄,新房房源,新式里弄,拎包入住
带电梯联排边套豪装别墅，带产权独立车库，你梦寐以求的家！,1850万,45906元/m²,5室4厅,403m²,共3层,杨俭,华润中央公园(一期南区别墅)       嘉定-南翔新城-芳礼路99弄,拎包入住,近地铁,环境优美
品质小区 繁华地段 配套成熟 毛坯 房型正 中高楼层采光好,375万,41331元/m²,2室2厅,90m²,中层(共18层),王敏纯,嘉秀新苑       嘉定-丰庄-铜川路2655弄,新房房源,安全性高,繁华地段
豪华装修30万，一次没有入住过，自带中央空调地暖，正南向,140万,26017元/m²,3室2厅,53m²,高层(共9层),韩连杰,MAX未来       嘉定-江桥-嘉涌路99弄,新房房源,复式房,房型正
11号线直达 外地人无需社保可买 70年产权不限购赠送车位,150万,18750元/m²,3室2厅,80m²,中层(共13层),肖一明,怡景花园       嘉定-嘉定老城-福海路111弄,配套成熟,交通便利,繁华地段
曹江公寓次新房，地，铁，房，学，区，房，房东自己拍的相片视频,325万,36415元/m²,2室2厅,89m²,中层(共6层),李南,曹江公寓       嘉定-江桥-临夏路98弄
急 急 急 6楼310万 房东急卖 一梯两户 看房方便,325万,32861元/m²,2室2厅,98m²,高层(共6层),张海浪,嘉善坊       嘉定-丰庄-铜川路2285弄,两房朝南,一梯两户,采光好
地铁11号线旁 宏立瑞园 景观楼层 南北套 房东置换诚意出售,239万,28578元/m²,2室2厅,83m²,低层(共18层),游特,宏立瑞园       嘉定-南翔新城-宝翔路560弄,近地铁,近学校,配套成熟
"稀有户型，板式南北通，满2税少,送产权车位,送50万豪华装修",400万,46147元/m²,2室2厅,86m²,中层(共24层),游特,森林公馆(西区)       嘉定-南翔新城-栖林路425弄,配套成熟,繁华地段,品质小区
华润四期高层两房，菁英湖湖景房，豪华装修送家具家电，满两年,430万,49608元/m²,2室2厅,86m²,高层(共33层),石晨,华润中央公园(四期公寓)       嘉定-南翔新城-浩翔路98弄,近地铁,素质住户,品质小区
嘉定老城核心区域 精装南北通大三房 总价低 随时看房！！,290万,22994元/m²,3室2厅,126m²,低层(共6层),冯少安,嘉丰佳苑       嘉定-嘉定老城-沪宜公路3885弄,近地铁,南北通透,卫浴全明
宝龙广场对面 三开间朝南两卫楼层好 南北通透看房有钥匙,163万,19428元/m²,3室2厅,83m²,低层(共16层),王慧,合景峰汇       嘉定-嘉定新城-天祝路555弄,近地铁,南北通透,环境优美
11号线地铁600米，4.8米挑高，外地户口可买，无需社保,128万,22857元/m²,2室2厅,56m²,中层(共16层),廖配配,"新城金郡M11金座       嘉定-嘉定新城-云屏路1520弄31号,高台路1459号",南北通透,环境优美
上隽嘉苑精装两房，满5年少税，前面无遮挡，通风采光无敌，诚售,292万,33383元/m²,2室2厅,87m²,低层(共27层),游特,上隽嘉苑(公寓)       嘉定-南翔新城-宝翔路998弄,近学校,配套成熟,繁华地段
开发商样板房装修，购房从未住人，看房方便，周边商业成熟，诚售,80万,21622元/m²,2室2厅,37m²,低层(共21层),张侶,"新城金郡M11金座       嘉定-嘉定新城-云屏路1520弄31号,高台路1459号",复式房,近地铁,繁华地段
颐景园8复式，产证129平米送110平米满五唯一,550万,42507元/m²,4室3厅,129m²,高层(共8层),董邦文,嘉定颐景园(公寓)       嘉定-菊园新区-棋盘路1385弄
江桥不限购不限贷 14号地铁三百米 精装送家电 近大润发超市,49万,17500元/m²,2室2厅,28m²,共1层,刘绍伍,嘉印象       嘉定-丰庄-曹安公路1930弄,新房房源,近地铁,配套成熟
14号线出口，次新小区精装南北通二房，中间位置楼层好,350万,41746元/m²,2室1厅,83m²,中层(共16层),宗爱华,金鼎香樟苑(西区)       嘉定-丰庄-金鼎路2588弄,南北通透,近地铁,配套成熟
南翔东社区 宏立瑞园一房婚房装修 看房随时 房东自住 急售,275万,32668元/m²,2室2厅,84m²,中层(共18层),符袁振,宏立瑞园       嘉定-南翔新城-宝翔路560弄,近地铁,近学校,配套成熟
新挂牌南北套两房 满五税少 科技住宅全屋恒温恒湿 中区保养好,398万,43674元/m²,2室2厅,91m²,中层(共18层),徐秀文,朗诗绿色街区       嘉定-南翔新城-宝翔路888弄,近学校,送家电,次新小区
对口普小 近D铁 婚房装修大两房 满五唯一 送车位 价格可谈,310万,34179元/m²,2室2厅,90m²,低层(共17层),吴玉达,保利天鹅语苑(一期公寓)       嘉定-嘉定新城-洪德路1380弄,送车位,近地铁,环境优美
MAX未来城装修30万全送，带露台，复式4.5米高度，南向,145万,23975元/m²,2室2厅,60m²,高层(共9层),韩连杰,MAX未来       嘉定-江桥-嘉涌路99弄,复式房,近地铁,低密度
豪装公寓，小区醉好位置，景观房，月租金5000，品牌家电全送,170万,28034元/m²,2室1厅,60m²,中层(共13层),李慧珍,光明D9空间       嘉定-嘉定新城-天祝路377弄,景观房,送家电,品质小区
保利天鹅语 婚房装修 满五唯一带车位 两房两厅全明户型 税少,310万,34179元/m²,2室2厅,90m²,低层(共17层),吴玉达,保利天鹅语苑(一期公寓)       嘉定-嘉定新城-洪德路1380弄,送车位,近地铁,低密度
黄，金楼层，差额税，随时可以看，图片，价格都是真的,328万,36751元/m²,2室2厅,89m²,中层(共6层),李南,曹江公寓       嘉定-江桥-临夏路98弄
中央空调加地暖，清风系统，低于市场价20万诚意出售。,408万,45475元/m²,2室2厅,89m²,低层(共18层),谢飞,三湘海尚名邸       嘉定-南翔新城-宝翔路188弄,近地铁,配套成熟,品质小区
莱英洋房 送地下室 送阁楼 送装修 拎包入住 看房方便 超值,600万,35503元/m²,6室3厅,169m²,中层(共6层),刘平,莱英北郡       嘉定-安亭-绿苑路488号,近地铁,配套成熟,繁华地段
南翔新城，近陈翔地铁，高区两房，精致装修，满二年，拎包可入住,418万,44331元/m²,2室2厅,94m²,中层(共21层),游特,华润中央公园(一期北区公寓)       嘉定-南翔新城-浩翔路99弄,配套成熟,繁华地段,品质小区
"低于市场价40万,赠10平米小房间,能上上师大,有固定车位,",400万,43773元/m²,2室2厅,91m²,中层(共11层),魏占丽,骏丰嘉骊花园       嘉定-南翔-古猗园路88弄,近地铁,一梯三户,小区中心
南翔超大湖景房 华润办公中心 近大型超市轨交 豪华室内装修,180万,32727元/m²,2室2厅,55m²,中层(共15层),查欣宇,八润星湖柒号       嘉定-南翔新城-浩翔路155号,新房房源,近地铁,配套成熟
嘉定西地铁旁，双南户型，精装修两房，高品质小区，看房方便！,230万,27845元/m²,2室2厅,82m²,低层(共18层),王康,新城悠活城(东区)       嘉定-菊园新区-红石路333弄,新房房源,近地铁,繁华地段
一手房无税费（开发商保留）送两个车位，豪华装修，回款发工资，,740万,39153元/m²,4室3厅,189m²,共3层,朱豪,保利海上五月花(别墅)       嘉定-菊园新区-永靖路899弄,新房房源,南北通透,双阳台
南北通户型 精装修 厅朝南带阳台 家具家电全送 看房随时！,272万,33456元/m²,2室2厅,81m²,中层(共6层),王谦,丰庄十四街坊       嘉定-丰庄-丰庄西路551弄,近地铁,一梯两户,交通便利
4.5米挑高loft~精装2房~拎包入住~11号地铁~不限购,68万,15111元/m²,1室2厅,45m²,共5层,汤杨,永盛公寓       嘉定-嘉定新城-双单路718弄,新房房源,近地铁,配套成熟
实地拍摄，南北通透，满五唯一，无电梯2楼，有钥匙，可改三房,188万,20002元/m²,2室2厅,93m²,共5层,陈波,外冈新苑       嘉定-外冈-恒飞路489弄,南北通透,房型正,配套成熟
低于市场价30万急售，地铁下来就到家 3房2卫 拎包入住,285万,30688元/m²,3室2厅,92m²,中层(共18层),蔡莲芳,日月光伯爵天地       嘉定-菊园新区-平城路1000弄,近地铁
急 急 急 6楼310万 房东急卖 一梯两户 看房方便,325万,32861元/m²,2室2厅,98m²,高层(共6层),张海浪,嘉善坊       嘉定-丰庄-铜川路2285弄,两房朝南,一梯两户,采光好
精装修全送 南北两厅 xi缺户型 房东诚信出售 看房随时 急,288万,35337元/m²,2室1厅,81m²,高层(共6层),王艳丽,丰庄十四街坊       嘉定-丰庄-丰庄西路551弄,近地铁,客厅朝南,配套成熟
品质小区，精装修30万全送，近南翔站，送6平米阳台，带车位，,328万,35303元/m²,2室2厅,92m²,低层(共20层),甘挺,绿地清猗园(三期)       嘉定-南翔-德华路79弄,近地铁,素质住户,品质小区
这套房客厅挑高 上下都有卫生间，三房南北通 买了划算,165万,19666元/m²,3室2厅,83m²,中层(共16层),徐金辉,合景峰汇       嘉定-嘉定新城-天祝路555弄,近地铁,位置安静,配套成熟
外冈新苑  大两房  精装修  只要180w  欲购从速,180万,19255元/m²,2室2厅,93m²,共5层,郭传辞,外冈新苑       嘉定-外冈-恒飞路489弄,南北通透,环境优美
同济附小，下叠别墅，豪华装修100万，送大花园，送地下室,505万,35045元/m²,3室2厅,144m²,共1层,褚佳波,绿地海域苏河源(别墅)       嘉定-安亭-博园路8085弄,近地铁,配套成熟,品质小区
嘉定南门成熟繁华地段，正宗复式，豪华装修，房东挥泪甩卖,200万,22222元/m²,3室2厅,90m²,高层(共7层),许伟伟,"民乐社区南苑六村       嘉定-嘉定老城-裕民路265弄1-10号,福海路201弄,南苑六村",配套成熟,交通便利,繁华地段
500万，边套，下叠别墅，装修80万，送大花园，有钥匙随时看,500万,34698元/m²,3室2厅,144m²,共1层,代军辉,绿地海域苏河源(别墅)       嘉定-安亭-博园路8085弄,新房房源,配套成熟,次新小区
畅销刚需两室，全南户型，中区楼层精装，交通便利配套醇熟，诚售,405万,47641元/m²,2室2厅,85m²,低层(共21层),游特,华润中央公园(二期)       嘉定-南翔新城-陈翔公路1588弄,配套成熟,繁华地段,品质小区
地铁步行很近 正宗3房2厅2卫 南北通 一手动迁无SHUI,355万,27778元/m²,3室2厅,127m²,中层(共18层),黄锋,宝菊清水园       嘉定-菊园新区-竹笛路388弄,近地铁,环境优美,次新小区
精装两房 前后无遮挡 采光充足，紧靠陈翔地铁站，出入交通方便,396万,45950元/m²,2室2厅,86m²,中层(共21层),游特,华润中央公园(三期)       嘉定-南翔新城-浩翔路505弄,配套成熟,繁华地段,品质小区
金鹤新城澜茵华庭两室两厅南北通透精装修全看房方便 靠13,299万,36914元/m²,2室2厅,81m²,共4层,孙国宏,澜茵华庭(西区)       嘉定-江桥-金园一路1518弄,近地铁,新房房源,配套成熟
步行到地铁站很近，低于市场价20万急售，现在空关 看房随时,248万,27226元/m²,2室2厅,91m²,高层(共6层),蔡莲芳,嘉丰佳苑       嘉定-嘉定老城-沪宜公路3885弄,近地铁
嘉定叠加别墅（开发商保留）一手流程无税费，眼见万亩湿地公园丶,415万,26101元/m²,4室3厅,159m²,共3层,潘军,上海院子(别墅)       嘉定-外冈-百安公路2699弄,素质住户,繁华地段,品质小区
嘉定龙湖精装别墅，大花园，送精装修，双车位，随时看房。诚心售,1200万,29630元/m²,5室2厅,405m²,共4层,纪鲁,龙湖郦城(西区别墅)       嘉定-嘉定新城-双单路1509弄,近地铁,配套成熟,繁华地段
11号地铁口，实勘房源，挑高5.4米，通煤气，租金3800,150万,18496元/m²,2室2厅,81m²,高层(共21层),王成斌,底特律财富天地(北楼)       嘉定-安亭-曹安公路5616号,近地铁,交通便利,繁华地段
空调带地暖 精装修 大两房 此房满两年税少业主急卖 家电家具,430万,49059元/m²,3室2厅,87m²,低层(共18层),魏占丽,格林公馆       嘉定-南翔新城-芳林路951弄,近地铁,主卧朝南,小区中心
急降50万出售（包税费）新项目急需用钱，南北通透，精装修高区,300万,33333元/m²,3室2厅,90m²,高层(共16层),朱豪,恒大御景湾       嘉定-嘉定新城-育英南街55弄,近地铁,新房房源,南北通透
银座印象，一年内25万的精装修，家具家电全送！,120万,29268元/m²,1室1厅,41m²,高层(共18层),张杰,银座印象       嘉定-丰庄-曹安路1909号,近地铁,配套成熟,品质小区
"11号线地铁0距离,精装2室2厅，面朝公园,楼下饮食购物俱全",225万,26914元/m²,2室2厅,83m²,中层(共29层),方旭辉,"万立城(公寓)       嘉定-安亭-塔山路452弄,塔山路455弄,塔山路399弄"
安亭新镇德绍豪斯，电梯复式房，豪华装修，南北通透，对口同济,690万,35829元/m²,5室3厅,192m²,共4层,刘州,安亭新镇德绍豪斯       嘉定-安亭-安礼路396弄,复式房,环境优美,次新小区
精装全配送装修业主挂价120万 真实有效 绝D真实有效速度约,166万,17272元/m²,3室2厅,96m²,低层(共18层),蔡方战,明发嘉定中心       嘉定-嘉定新城-沪宜公路2857号,景观房,复式房,欧式风
6米挑高复式，地铁口，不限购，精装2房，朝南景观房，送家具,105万,22727元/m²,2室1厅,46m²,低层(共17层),刘林林,阳光葡提公馆       嘉定-嘉定新城-宝乐路58弄,主卧朝南,景观房,近地铁
上师大，急抛房源，低于市场价50万，永翔佳苑，视野好,300万,34215元/m²,2室2厅,87m²,高层(共17层),魏占丽,永翔佳苑(东区)       嘉定-南翔-金润路478弄,客厅朝南,小区中心,品质小区
地铁口近万达，豪华装修装修30万，家具家电全送！南北通透！,365万,45280元/m²,2室2厅,80m²,中层(共6层),金威威,大宅风范城       嘉定-江桥-鹤望路365弄,近地铁,一梯两户,送家电
三开间朝南，全南户型，中间楼层，满五唯一，房东诚意，配套齐全,308万,35060元/m²,2室2厅,87m²,低层(共18层),游特,森林公馆(西区)       嘉定-南翔新城-栖林路425弄,配套成熟,繁华地段,品质小区
全景VR视频！不一样的看房方式，公园景观房，风光全揽，急售,308万,42424元/m²,2室2厅,72m²,中层(共6层),许玉妹,金鹤新城金霞苑       嘉定-江桥-鹤霞路111弄,近地铁,新房房源,配套成熟
交通便利~地铁11号线800米~18万精装婚房~赠送12平米,72万,21176元/m²,2室2厅,34m²,中层(共20层),潘用财,光明D9空间       嘉定-嘉定新城-天祝路377弄,近地铁,配套成熟,繁华地段
"南翔高科技住宅,全屋中央空调带地暖带新风系统,送产权车位急售",415万,46255元/m²,2室2厅,89m²,低层(共18层),游特,三湘海尚名邸       嘉定-南翔新城-宝翔路188弄,配套成熟,繁华地段,品质小区
威廉二期 业主婚房豪华装修 满二税费低 带车位 业主诚意,425万,47931元/m²,2室2厅,88m²,低层(共18层),刘金宣,绿地清猗园(二期)       嘉定-南翔-德华路80弄,近地铁,拎包入住,配套成熟
11号线地铁口，复式5.8米精装全送，租金5600月有车位,47万,10000元/m²,2室1厅,47m²,中层(共15层),李广涛,V6时代       嘉定-安亭-新源路155弄16号
业主出国诚售，豪华装修200万带地暖，赠送100万红木家具,1200万,46875元/m²,4室3厅,256m²,地下(共3层),张雨,白金院邸(别墅)       嘉定-南翔新城-芳林路819弄,近地铁,近学校,安全性高
"南北通透，毛坯两房，随意装修，看房有钥匙,周边配套设施很齐全",240万,33661元/m²,2室1厅,71m²,中层(共24层),游特,翔和雅苑(三区)       嘉定-南翔-德园路1500弄,配套成熟,繁华地段,品质小区
花园小洋房，动迁无税费，小区中心位置，急售房东全天在家开门看,310万,37390元/m²,2室2厅,82m²,共5层,金威威,水岸秀苑       嘉定-江桥-鹤璇路500弄,配套成熟,素质住户,品质小区
零~首付~不限购价格可谈~月租金5千~近地铁口,85万,18085元/m²,2室2厅,47m²,高层(共8层),李广涛,嘉正国际大厦       嘉定-安亭-墨玉路28号
VR720度全景看房 自带金沙公园天然氧吧 带天然气 地铁口,220万,29730元/m²,2室1厅,74m²,中层(共20层),柴山宝,金沙丽晶苑(二期)       嘉定-丰庄-金沙江路2890弄,近地铁,近学校,安全性高
11号线CBD核心区域（业主置换，急售）挑高4米7，室内全送,70万,15217元/m²,2室1厅,46m²,高层(共14层),舒芬,澳丰御府       嘉定-嘉定新城-白银路355弄58号,近地铁
11号地铁沿线，不限购不限贷，精装修，家具家电全送，拎包入住,120万,30000元/m²,1室1厅,40m²,低层(共12层),鲁建美,永乐公寓       嘉定-南翔-沪宜公路299弄,近地铁,配套成熟,繁华地段
实拍 绿地苏河源一期，110平豪华装修，对口同济，等你来电！,370万,33569元/m²,3室2厅,110m²,低层(共27层),夏桂松,绿地海域苏河源(一期公寓)       嘉定-安亭-博园路8085弄,近地铁,安全性高,繁华地段
得房率特高 采光无挡 价格有优惠 看房方便 满五唯一 降价售,430万,45696元/m²,3室2厅,94m²,共4层,袁慎钰,澜茵华庭(东区)       嘉定-江桥-金园一路1519弄1-123号,近地铁,安全性高,繁华地段
（11号线新城站500米）通煤气，外地人不限 购，有房产证,46万,15333元/m²,2室1厅,30m²,中层(共9层),陈居祥,合景理想家       嘉定-嘉定新城-希望路978弄,近地铁,配套成熟,品质小区
11号线地铁600米，4.8米挑高，外地户口可买，无需社保,82万,17083元/m²,2室2厅,48m²,中层(共15层),谢小文,嘉领国际       嘉定-嘉定新城-沪宜公路3128号,小户型,复式房,近地铁
11号线地铁~挑高4.5米loft~精装2房~不限购可贷款,76万,23030元/m²,2室2厅,33m²,中层(共6层),汤杨,科茂公寓       嘉定-马陆-科茂路680弄,新房房源,近地铁,配套成熟
华润新出精装两房，经典板式，菁英湖旁，居住舒适，房东急售,388万,50090元/m²,2室2厅,77m²,中层(共21层),游特,华润中央公园(一期南区公寓)       嘉定-南翔新城-芳礼路99弄,配套成熟,繁华地段,品质小区
安亭中央公园实价房源，92平豪华装修，对面嘉亭荟，等你来电！,324万,35217元/m²,2室2厅,92m²,高层(共24层),夏桂松,安亭中央公园       嘉定-安亭-泽普路588弄,近地铁,安全性高,繁华地段
精装小户型 送产权车位 近陈翔站 周边配套齐全 随时看房诚售,265万,37971元/m²,2室2厅,69m²,高层(共22层),游特,格林公馆       嘉定-南翔新城-芳林路951弄,近地铁,配套成熟,繁华地段
11号线地铁口，精装不限购现房，车位赠送附赠13平使用面积,78.5万,15392元/m²,3室2厅,51m²,中层(共15层),袁欢欢,合景理想家       嘉定-嘉定新城-希望路978弄,新房房源,送家电,近地铁
实拍 安亭名邸，高层91平简单装修，对面嘉亭荟，等你来电！,265万,29000元/m²,3室1厅,91m²,中层(共21层),夏桂松,安亭名邸       嘉定-安亭-南安路88弄,近地铁,配套成熟,安全性高
万达品质小区，送产权车位，附赠面积15平，送豪装家电家具！！,380万,45308元/m²,2室1厅,83m²,高层(共11层),鲁黎明,万达城市公寓       嘉定-江桥-鹤友路336弄,近地铁,新房房源,繁华地段
降价10万 地铁口300米 精装复式房 不限购 可租4千,112万,23932元/m²,2室2厅,46m²,低层(共12层),朱永彬,嘉峰汇财富广场       嘉定-南翔-银翔路888弄,新房房源,近地铁,配套成熟
十一号线地铁口 不限购 精装修交付 拎包入住,80万,16000元/m²,1室1厅,50m²,高层(共12层),张瑞,V6时代       嘉定-安亭-新源路155弄16号,新房房源,近地铁,配套成熟
上海地铁口500米 精装修 拎包入住 不限购 可落户上学,78万,21196元/m²,1室1厅,36m²,中层(共12层),朱永彬,光明D9空间       嘉定-嘉定新城-天祝路377弄,近地铁,配套成熟,繁华地段
66VR全景看房 南北通双阳台 两卫 随时看房 诚心出售,468万,43685元/m²,2室2厅,107m²,低层(共17层),曾自强,三元及地苑       嘉定-丰庄-嘉定铜川路2558弄,房型正,近地铁,配套成熟
嘉宝都市港湾 ，经典双南两房，小区花园位置，接受置换半年！,480万,51288元/m²,2室2厅,93m²,低层(共14层),郭马厅,嘉宝都市港湾二期       嘉定-丰庄-新郁路199弄,近地铁,繁华地段,品质小区
11号线地铁，送22平，精装修加软装，月租金4000，巨划算,59万,17617元/m²,2室2厅,33m²,中层(共18层),邓超,创融嘉天地       嘉定-嘉定新城-合作路916号,近地铁,新房房源,拎包入住
杜绝虚假，地铁口200米 (精装小户型首付18万定居大上海),58万,13810元/m²,2室1厅,42m²,高层(共14层),陈居祥,嘉隆国际       嘉定-嘉定北-胜辛北路1888弄,近地铁,配套成熟,品质小区
11号线地铁~不限购~民用水电~通燃气~5米挑高复式~精装修,68万,15111元/m²,2室2厅,45m²,中层(共14层),汤杨,"永和生活广场       嘉定-江桥-靖远路715号,靖远路717号",新房房源,近地铁,配套成熟
嘉定新城区，地铁11号线，精装修小户型，送家具家电，拎包入住,110万,22000元/m²,1室1厅,50m²,低层(共15层),鲁建美,"新城金郡SOHO       嘉定-嘉定新城-白银路1563号,1565号",近地铁,配套成熟,繁华地段
太屋品鉴俏销南北板式两居室，对口古漪，电梯可直达地下车库！,352万,40224元/m²,2室2厅,87m²,低层(共27层),江显山,森林公馆(东区)       嘉定-南翔新城-栖林路468弄,近地铁,近学校,配套成熟
南翔新出全南户型 家具家电全送 带地下固定车位 接受置换,330万,35913元/m²,2室2厅,91m²,中层(共28层),贺喜,路劲翡丽湾(公寓)       嘉定-南翔新城-雅翔路288弄,配套成熟,繁华地段,品质小区
"新挂牌南北套户型 满二税少 送家具家电 送产权车位,配套齐全",365万,42280元/m²,2室2厅,86m²,高层(共27层),游特,森林公馆(东区)       嘉定-南翔新城-栖林路468弄,近地铁,近学校,配套成熟
对口普小，带花园式洋房，上下复式，豪华装修，实验幼儿园对面,450万,48940元/m²,3室2厅,91m²,低层(共7层),丁昌伟,新城香溢璟庭(一期)       嘉定-嘉定新城-依玛路389弄,配套成熟,繁华地段,品质小区
品质小区~送产权车位~送家具家电~小区中心位置~看中价格可谈,345万,39769元/m²,2室2厅,86m²,高层(共24层),游特,森林公馆(西区)       嘉定-南翔新城-栖林路425弄,配套成熟,繁华地段,品质小区
金地品质小区，自带天然氧吧，送20万精装修，满五唯一少税急卖,349万,40023元/m²,2室2厅,87m²,中层(共18层),游特,高尔夫公馆       嘉定-南翔新城-栖林路265弄,配套成熟,繁华地段,品质小区
南翔科技住宅，恒温恒氧恒湿，居住仙境，生活乐土，周边配套成熟,625万,49576元/m²,3室2厅,126m²,中层(共18层),游特,朗诗绿色街区       嘉定-南翔新城-宝翔路888弄,近学校,配套成熟,繁华地段
南北通透户型 带精装修，陈翔地铁口，不久后的商业中心，诚意卖,435万,49047元/m²,3室2厅,88m²,低层(共27层),游特,格林公馆       嘉定-南翔新城-芳林路951弄,近地铁,配套成熟,繁华地段
房东急卖 满五唯一 带车位 高区楼层南北通透 低于市场价 急,330万,37517元/m²,2室2厅,87m²,高层(共18层),王亚涛,上隽嘉苑(公寓)       嘉定-南翔新城-宝翔路998弄,近学校,南北通透,送家电
金郡精装洋房，价格可谈，非顶层，得房率高，房东诚售价格可谈,420万,44824元/m²,3室1厅,93m²,共5层,贾丽娜,新城金郡(一期北区)       嘉定-嘉定新城-临泽路189弄
南翔陈翔站，华润高区精装两房，次新保养好，满二年，拎包可入住,380万,49473元/m²,2室2厅,76m²,低层(共30层),贺喜,华润中央公园(一期南区公寓)       嘉定-南翔新城-芳礼路99弄,配套成熟,繁华地段,品质小区
品质小区，房型正气，豪华装修打包赠送，全明户型，采光非常棒,275万,35157元/m²,2室2厅,78m²,高层(共15层),黄淑武,绿地新江桥城(西区)       嘉定-江桥-金耀南路299弄,新房房源,配套成熟,繁华地段
上影广场，房东诚心出售房源，直接签约无任何税费，随时看房！,130万,25000元/m²,2室2厅,52m²,高层(共13层),刘杨,嘉定上影商业广场       嘉定-嘉定新城-依玛路260弄,新房房源,近地铁,繁华地段
南北通2房 精装修 中心位置 周边配套齐全 满五年唯一 急售,365万,41131元/m²,2室2厅,88m²,低层(共21层),游特,森林公馆(西区)       嘉定-南翔新城-栖林路425弄,配套成熟,繁华地段,品质小区
品质金地 便利森林，送20万精装修，赠产权车位，周边配套齐全,346万,38999元/m²,2室2厅,88m²,低层(共18层),游特,森林公馆(西区)       嘉定-南翔新城-栖林路425弄,配套成熟,繁华地段,品质小区
11号线地铁~精装4.5米挑高loft~2房72万~无需社保,72万,18947元/m²,2室2厅,38m²,中层(共17层),汤杨,"新城金郡M11金座       嘉定-嘉定新城-云屏路1520弄31号,高台路1459号",新房房源,近地铁,配套成熟
临13号线地铁500米，南北通两房，满五唯一装修15万全送,280万,38283元/m²,2室2厅,73m²,共5层,邓陈娟,金鹤新城中虹华苑       嘉定-江桥-金园一路1115弄,近地铁,一梯两户,配套成熟
房东上门挂牌，精装修大两房，小区位置佳，中间楼层，满五唯一的,280万,33003元/m²,2室2厅,84m²,共5层,顾凯,金鹤新城水岸秀苑       嘉定-江桥-鹤旋路500弄,近地铁,新房房源,繁华地段
南翔新出环湖景观大平层188平880万三房朝南带地暖 送豪装,880万,46684元/m²,3室2厅,188m²,中层(共30层),贺喜,华润中央公园(一期南区公寓)       嘉定-南翔新城-芳礼路99弄,配套成熟,繁华地段,品质小区
11号线地铁口，精装修，不限购不限贷，可用公积金，调高5米,73万,15208元/m²,2室1厅,48m²,中层(共18层),罗艳青,"永和生活广场       嘉定-江桥-靖远路715号,靖远路717号",拎包入住,近地铁,配套成熟
房东诚意出售，现直降40万，送家具家电，景观楼层，送产权车位,330万,38128元/m²,2室2厅,86m²,中层(共27层),游特,森林公馆(东区)       嘉定-南翔新城-栖林路468弄,近地铁,近学校,配套成熟
"地铁品质小区,送50万精装修,送产权车位,房型正气,生活便利",627万,40000元/m²,4室2厅,156m²,低层(共21层),游特,绿地清猗园(三期)       嘉定-南翔-德华路79弄,近地铁,配套成熟,繁华地段
合景峰汇，精装两室，毗邻宝龙广场，远香湖休闲公园，急售随时看,90万,16981元/m²,2室1厅,53m²,高层(共20层),李海洋,合景峰汇       嘉定-嘉定新城-天祝路555弄,近地铁,配套成熟,素质住户
